{"stats":{"minecraft:crafted":{"minecraft:oak_planks":38,"minecraft:birch_slab":6,"minecraft:cooked_mutton":3,"cfm:spruce_table":4,"minecraft:glass":112,"minecraft:melon_seeds":21,"handcrafted:birch_drawer":2,"minecraft:oak_fence":9,"minecraft:cooked_porkchop":11,"minecraft:crafting_table":2,"minecraft:spruce_planks":504,"minecraft:baked_potato":324,"minecraft:spruce_door":3,"minecraft:birch_planks":68,"minecraft:stick":148,"minecraft:iron_ingot":73,"minecraft:iron_pickaxe":4,"handcrafted:birch_table":2,"minecraft:spruce_fence_gate":13,"minecraft:birch_stairs":4,"minecraft:furnace":3,"iceandfire:dragon_flute":1,"minecraft:spruce_fence":78,"minecraft:glass_pane":112,"variantvanillablocks:spruce_chest":4,"minecraft:spruce_stairs":260,"minecraft:iron_axe":4,"minecraft:spruce_wood":204,"minecraft:iron_hoe":3,"minecraft:spruce_slab":6,"minecraft:cobblestone_wall":6,"variantvanillablocks:birch_crafting_table":1,"minecraft:spruce_boat":1,"mcda:spelunker_armor_helmet":1,"minecraft:dark_oak_planks":8,"minecraft:wheat":117,"minecraft:cooked_beef":11,"minecraft:sugar":36,"minecraft:spruce_sign":3,"minecraft:bread":47,"minecraft:air":0,"variantvanillablocks:birch_chest":4,"minecraft:iron_shovel":9,"minecraft:torch":192},"minecraft:picked_up":{"cfm:blue_sofa":2,"gamma_beasts:thin_oak_log":43,"minecraft:iron_chestplate":1,"minecraft:wheat":306,"minecraft:redstone_block":3,"minecraft:flower_pot":3,"minecraft:diamond_sword":1,"minecraft:brown_bed":3,"minecraft:stone_brick_stairs":1,"born_in_chaos_v1:black_argillite":1,"soul_like_armors_reworked:rustysteel_chestplate":1,"minecraft:string":28,"minecraft:raw_copper":25,"minecraft:iron_leggings":1,"minecraft:armor_stand":2,"minecraft:oak_sign":1,"minecraft:beetroot":142,"minecraft:sea_pickle":2,"minecraft:red_sand":30,"minecraft:cobbled_deepslate":144,"minecraft:spruce_planks":29,"minecraft:rose_bush":1,"minecraft:melon_slice":64,"minecraft:furnace":1,"minecraft:tipped_arrow":4,"minecraft:stick":52,"minecraft:composter":1,"minecraft:oak_fence":12,"minecraft:torch":3,"iceandfire:dragonscales_white":52,"minecraft:spruce_stairs":26,"oresabovediamonds:amethyst_sword":1,"epicfight:skillbook":5,"minecraft:porkchop":11,"minecraft:honeycomb_block":12,"iceandfire:rotten_egg":2,"minecraft:rotten_flesh":9,"minecraft:iron_block":1,"gamma_beasts:coal_nugget":45,"projectvibrantjourneys:cattail":5,"bloodandmadness:blood_stone_shard":3,"minecraft:iron_bars":14,"minecraft:cobblestone":447,"minecraft:birch_log":17,"travelersbackpack:iron_golem":3,"minecraft:iron_door":1,"minecraft:water_bucket":1,"minecraft:jungle_log":1,"projectvibrantjourneys:fallen_leaves":28,"gamma_beasts:prehnite":3,"minecraft:potato":554,"gamma_beasts:oak_leaf":51,"projectvibrantjourneys:rocks":2,"minecraft:lapis_lazuli":18,"minecraft:dirt":1448,"minecraft:lantern":29,"minecraft:polished_granite":3,"minecraft:name_tag":2,"minecraft:glass":8,"minecraft:bone":32,"minecraft:bow":5,"minecraft:wheat_seeds":1112,"minecraft:raw_gold":9,"minecraft:bell":1,"soul_like_armors_reworked:dark_knight_helmet":2,"soul_like_armors_reworked:rustysteel_boots":2,"minecraft:mossy_stone_bricks":1,"minecraft:fletching_table":2,"handcrafted:birch_drawer":3,"overweight_farming:overweight_potato_block":2,"minecraft:poisonous_potato":3,"minecraft:sand":213,"soul_like_armors_reworked:dark_knight_leggings":1,"minecraft:stripped_spruce_log":1,"iceandfire:podium_dark_oak":1,"minecraft:dark_oak_log":6,"minecraft:iron_hoe":1,"minecraft:spruce_fence_gate":6,"minecraft:diamond":4,"minecraft:soul_lantern":7,"minecraft:grass":8,"minecraft:bone_meal":4,"minecraft:spruce_sign":1,"minecraft:bread":4,"alexsmobs:maggot":2,"epicsamurai:ruby":5,"minecraft:dark_oak_fence":1,"iceandfire:silver_nugget":800,"born_in_chaos_v1:diamond_termite_shard":3,"minecraft:azure_bluet":2,"iceandfire:witherbone":4,"minecraft:chicken":1,"born_in_chaos_v1:seedof_chaos":4,"minecraft:redstone_lamp":3,"minecraft:brown_mushroom":1,"soul_like_armors_reworked:darkknightsword":4,"minecraft:chain":8,"gravestone:obituary":5,"minecraft:cornflower":4,"minecraft:oak_trapdoor":1,"iceandfire:frozen_splinters":49,"minecraft:moss_carpet":10,"farlanders:ender_horn":3,"minecraft:iron_shovel":1,"minecraft:cyan_carpet":2,"bloodandmadness:blood_vial":3,"travelersbackpack:horse":1,"minecraft:beef":14,"minecraft:player_head":1,"minecraft:cyan_wool":2,"minecraft:poppy":9,"minecraft:spruce_slab":4,"minecraft:sugar_cane":39,"minecraft:birch_sapling":2,"iceandfire:ice_dragon_heart":1,"minecraft:egg":30,"minecraft:raw_iron":77,"iceandfire:dragonbone":21,"projectvibrantjourneys:bark_mushroom":4,"minecraft:spruce_fence":13,"minecraft:carrot":359,"soul_like_armors_reworked:rustysteel_helmet":2,"minecraft:light_blue_bed":3,"bloodandmadness:beastblood_clump":2,"minecraft:chicken_spawn_egg":1,"soul_like_armors_reworked:estusflask":34,"minecraft:polished_granite_stairs":1,"minecraft:arrow":69,"minecraft:beetroot_seeds":393,"variantvanillablocks:spruce_chest":3,"minecraft:hay_block":55,"bloodandmadness:weapons/church_scythe":1,"minecraft:mutton":3,"minecraft:skeleton_skull":2,"minecraft:white_wool":2,"born_in_chaos_v1:corpse_maggot":8,"projectvibrantjourneys:icicle":4,"minecraft:leather":12,"soul_like_armors_reworked:darkknighttrident":1,"minecraft:birch_planks":8,"simplyswords:iron_claymore":2,"minecraft:crimson_fungus":2,"minecraft:lily_pad":4,"minecraft:oak_log":8,"gamma_beasts:green_apple":42,"minecraft:chainmail_chestplate":1,"farlanders:looter_hood":1,"minecraft:cobblestone_wall":4,"minecraft:red_carpet":7,"minecraft:stone_bricks":8,"minecraft:spruce_wood":30,"epicsamurai:aquamarine":4,"projectvibrantjourneys:light_brown_bark_mushroom":18,"minecraft:scaffolding":3,"minecraft:milk_bucket":1,"minecraft:dark_oak_slab":3,"minecraft:pumpkin":32,"minecraft:stone_brick_slab":1,"born_in_chaos_v1:orbofthe_summoner":1,"born_in_chaos_v1:ethereal_spirit":2,"minecraft:dandelion":11,"minecraft:spruce_sapling":63,"minecraft:spruce_log":474,"soul_like_armors_reworked:rustysteelmace":2,"minecraft:spruce_door":8,"minecraft:spider_eye":5,"travelersbackpack:wolf":1,"minecraft:pumpkin_seeds":3,"minecraft:chainmail_leggings":1,"minecraft:iron_helmet":1,"minecraft:painting":5,"iceandfire:ice_dragon_flesh":3,"minecraft:baked_potato":40,"projectvibrantjourneys:orange_bark_mushroom":2,"projectvibrantjourneys:twigs":1,"minecraft:coal":144,"variantvanillablocks:birch_chest":1,"minecraft:ender_pearl":1},"minecraft:killed_by":{"born_in_chaos_v1:bone_imp_minion":1,"farlanders:ender_golem":1,"iceandfire:ice_dragon":2,"minecraft:zombie":7,"iceandfire:fire_dragon":1,"minecraft:vex":2,"minecraft:player":1,"minecraft:skeleton":1},"minecraft:dropped":{"minecraft:cooked_beef":2,"minecraft:baked_potato":57,"minecraft:diamond":1,"soul_like_armors_reworked:estusflask":3,"minecraft:dark_oak_slab":3,"iceandfire:ice_dragon_flesh":3,"minecraft:lantern":6,"minecraft:fletching_table":1,"minecraft:red_carpet":7,"minecraft:dirt":32,"minecraft:grass":8,"minecraft:dark_oak_log":4,"minecraft:large_fern":1,"projectvibrantjourneys:fallen_leaves":1,"iceandfire:podium_dark_oak":1,"gravestone:obituary":18,"minecraft:iron_pickaxe":2,"minecraft:gold_ingot":8,"minecraft:armor_stand":2,"minecraft:crimson_fungus":1,"minecraft:cobbled_deepslate":144,"minecraft:azure_bluet":1,"minecraft:carrot":1,"minecraft:poppy":1,"projectvibrantjourneys:light_brown_bark_mushroom":17,"travelersbackpack:iron_golem":1,"minecraft:spruce_slab":1,"minecraft:iron_bars":1,"minecraft:water_bucket":2,"minecraft:iron_ingot":2,"minecraft:bread":9,"minecraft:wheat_seeds":74,"gamma_beasts:oak_leaf":51,"gamma_beasts:coal_nugget":2,"minecraft:iron_helmet":1,"minecraft:cobblestone":5,"soul_like_armors_reworked:rustysteel_boots":1,"travelersbackpack:wolf":1,"minecraft:milk_bucket":1,"minecraft:torch":31,"iceandfire:ice_dragon_heart":1,"minecraft:pumpkin":1,"iceandfire:dragonscales_white":52,"minecraft:chainmail_leggings":1,"minecraft:iron_shovel":2,"minecraft:string":1,"minecraft:dandelion":1,"iceandfire:dragonbone":21,"minecraft:moss_carpet":10,"alexsmobs:maggot":2,"minecraft:raw_copper":25,"minecraft:cobblestone_wall":3,"minecraft:iron_hoe":1,"minecraft:spruce_fence":2,"gamma_beasts:green_apple":6,"minecraft:polished_granite_stairs":1,"soul_like_armors_reworked:darkknightsword":2,"soul_like_armors_reworked:darkknighttrident":1,"minecraft:spruce_log":22,"simplyswords:iron_claymore":2},"minecraft:broken":{"minecraft:iron_shovel":7,"minecraft:iron_boots":1,"minecraft:iron_leggings":1,"mcda:spelunker_armor_helmet":1,"iceandfire:armor_silver_metal_chestplate":1,"minecraft:golden_hoe":1,"minecraft:iron_axe":2,"minecraft:iron_pickaxe":2,"soul_like_armors_reworked:rustysteel_boots":1},"minecraft:mined":{"minecraft:spruce_planks":36,"minecraft:farmland":5,"minecraft:jungle_leaves":1,"minecraft:potted_crimson_fungus":1,"minecraft:red_sand":30,"minecraft:grass_block":1071,"minecraft:oak_wall_sign":2,"minecraft:spawner":15,"overweight_farming:overweight_potato_block":2,"minecraft:weeping_vines_plant":2,"minecraft:tall_seagrass":1,"handcrafted:birch_drawer":3,"minecraft:iron_ore":55,"minecraft:fire":2,"projectvibrantjourneys:bark_mushroom":2,"minecraft:pumpkin":34,"minecraft:fletching_table":2,"minecraft:azure_bluet":2,"variantvanillablocks:spruce_chest":3,"minecraft:brown_bed":3,"minecraft:dead_tube_coral":1,"minecraft:dirt_path":5,"minecraft:iron_bars":12,"minecraft:spruce_wood":30,"minecraft:iron_block":1,"minecraft:polished_granite_stairs":1,"minecraft:player_head":1,"minecraft:spruce_slab":1,"projectvibrantjourneys:cattail":4,"minecraft:soul_lantern":7,"iceandfire:dragon_ice_spikes":49,"projectvibrantjourneys:twigs":11,"minecraft:melon":13,"minecraft:poppy":9,"iceandfire:frozen_dirt":1,"minecraft:spruce_wall_sign":1,"minecraft:glass":12,"minecraft:honeycomb_block":12,"minecraft:cobblestone":1,"minecraft:oak_planks":3,"projectvibrantjourneys:fallen_leaves":14,"minecraft:sugar_cane":20,"minecraft:wall_torch":3,"minecraft:seagrass":4,"minecraft:chain":6,"minecraft:cyan_wool":4,"minecraft:dark_oak_slab":1,"minecraft:birch_log":20,"minecraft:wheat":379,"epicsamurai:aquamarine_ore":4,"projectvibrantjourneys:bones":2,"minecraft:stone_brick_stairs":1,"minecraft:grass":694,"minecraft:oak_log":8,"projectvibrantjourneys:short_grass":201,"minecraft:beetroots":157,"minecraft:dirt":561,"variantvanillablocks:birch_chest":1,"minecraft:sand":132,"minecraft:smooth_quartz":2,"minecraft:deepslate":172,"minecraft:oak_leaves":3,"minecraft:redstone_lamp":3,"minecraft:attached_pumpkin_stem":1,"minecraft:red_carpet":7,"minecraft:mossy_cobblestone":1,"minecraft:deepslate_diamond_ore":4,"minecraft:dark_oak_log":3,"projectvibrantjourneys:rocks":5,"born_in_chaos_v1:infected_diamond_ore":2,"gravestone:gravestone":18,"minecraft:ladder":1,"epicsamurai:deepslate_ruby_ore":5,"minecraft:spruce_fence":11,"iceandfire:frozen_grass":1,"born_in_chaos_v1:black_argillite":1,"iceandfire:frozen_splinters":20,"minecraft:spruce_leaves":50,"minecraft:red_mushroom":1,"minecraft:large_fern":12,"minecraft:hay_block":57,"minecraft:black_stained_glass_pane":3,"minecraft:oak_trapdoor":1,"minecraft:furnace":1,"minecraft:carrots":113,"gamma_beasts:prehnite_ore":3,"projectvibrantjourneys:orange_bark_mushroom":1,"minecraft:stripped_spruce_log":1,"minecraft:potatoes":170,"minecraft:deepslate_iron_ore":25,"minecraft:lantern":30,"minecraft:potted_spruce_sapling":2,"minecraft:stone":436,"minecraft:scaffolding":3,"minecraft:redstone_block":3,"minecraft:glass_pane":15,"minecraft:brown_stained_glass_pane":1,"minecraft:stone_brick_slab":3,"minecraft:dandelion":13,"minecraft:spruce_door":8,"minecraft:polished_granite":3,"minecraft:oak_fence":12,"minecraft:cornflower":4,"minecraft:rose_bush":5,"projectvibrantjourneys:mossy_rocks":2,"minecraft:copper_ore":8,"minecraft:tall_grass":233,"minecraft:lapis_ore":2,"minecraft:deepslate_gold_ore":6,"minecraft:lily_pad":1,"minecraft:spruce_stairs":27,"minecraft:birch_planks":8,"minecraft:gray_wool":2,"minecraft:black_stained_glass":3,"minecraft:light_blue_bed":3,"minecraft:cobblestone_wall":1,"minecraft:ice":1,"minecraft:spruce_log":463,"minecraft:birch_leaves":6,"gamma_beasts:thin_oak_log":50,"minecraft:coal_ore":154,"iceandfire:silver_pile":74,"minecraft:cyan_carpet":1,"minecraft:cobweb":11,"minecraft:spruce_fence_gate":5,"minecraft:stone_bricks":7,"minecraft:gold_ore":2,"pots_and_mimics:treasure_pot":3,"projectvibrantjourneys:oak_hollow_log":7,"minecraft:fern":4},"minecraft:custom":{"minecraft:animals_bred":85,"minecraft:interact_with_crafting_table":100,"minecraft:open_barrel":84,"minecraft:bell_ring":1,"minecraft:leave_game":13,"minecraft:time_since_death":69731,"minecraft:sprint_one_cm":8969308,"minecraft:drop":265,"minecraft:play_noteblock":1,"minecraft:talked_to_villager":4,"minecraft:play_time":974049,"minecraft:deaths":18,"minecraft:jump":5070,"minecraft:walk_on_water_one_cm":113234,"minecraft:interact_with_furnace":70,"minecraft:interact_with_loom":1,"minecraft:sleep_in_bed":57,"minecraft:damage_dealt":27458,"minecraft:player_kills":1,"minecraft:crouch_one_cm":2348,"minecraft:interact_with_smoker":3,"minecraft:mob_kills":141,"minecraft:damage_dealt_resisted":2176,"minecraft:climb_one_cm":36952,"minecraft:walk_one_cm":7653685,"minecraft:sneak_time":5271,"minecraft:walk_under_water_one_cm":94317,"minecraft:boat_one_cm":22755,"minecraft:interact_with_lectern":1,"minecraft:interact_with_blast_furnace":11,"minecraft:total_world_time":974049,"minecraft:pot_flower":1,"minecraft:interact_with_grindstone":1,"minecraft:interact_with_stonecutter":2,"minecraft:time_since_rest":22196,"minecraft:damage_absorbed":5,"minecraft:damage_taken":13870,"minecraft:swim_one_cm":141010,"minecraft:fly_one_cm":1044628,"minecraft:open_chest":636,"minecraft:fall_one_cm":76621},"minecraft:used":{"minecraft:beetroot":11,"minecraft:red_sand":20,"minecraft:iron_shovel":2009,"handcrafted:birch_table":2,"minecraft:spruce_slab":8,"minecraft:poppy":7,"minecraft:iron_sword":9,"minecraft:bell":1,"minecraft:rotten_flesh":7,"gamma_beasts:thin_oak_log":5,"minecraft:carrot":152,"minecraft:milk_bucket":3,"minecraft:spruce_boat":1,"minecraft:glass":138,"minecraft:lantern":13,"minecraft:spruce_wood":151,"minecraft:light_blue_bed":3,"minecraft:redstone_lamp":3,"minecraft:honeycomb_block":12,"minecraft:bow":48,"minecraft:hay_block":42,"minecraft:scaffolding":3,"minecraft:furnace":4,"minecraft:beetroot_seeds":199,"minecraft:egg":5,"minecraft:potato":181,"projectvibrantjourneys:rocks":1,"epicfight:skillbook":4,"minecraft:spruce_door":8,"minecraft:lily_pad":4,"minecraft:composter":1,"travelersbackpack:iron_golem":31,"minecraft:redstone_block":3,"minecraft:sugar_cane":3,"variantvanillablocks:birch_chest":4,"minecraft:golden_apple":2,"minecraft:golden_hoe":32,"undergarden:wigglewood_sapling":1,"iceandfire:frozen_splinters":3,"handcrafted:birch_drawer":5,"soul_like_armors_reworked:rustysteel_boots":1,"cfm:spruce_table":3,"minecraft:pumpkin_seeds":5,"cfm:blue_sofa":2,"minecraft:melon_slice":25,"minecraft:bread":90,"minecraft:iron_door":1,"variantvanillablocks:spruce_chest":7,"minecraft:chain":3,"minecraft:bone_meal":2,"minecraft:experience_bottle":8,"minecraft:oak_fence":18,"bloodandmadness:weapons/church_scythe":2,"minecraft:spruce_planks":88,"gamma_beasts:green_apple":36,"oresabovediamonds:amethyst_sword":701,"soul_like_armors_reworked:estusflask":15,"minecraft:torch":115,"minecraft:dirt":258,"minecraft:spruce_stairs":157,"minecraft:cobblestone_wall":39,"minecraft:spruce_fence":89,"minecraft:iron_hoe":334,"projectvibrantjourneys:fallen_leaves":5,"soul_like_armors_reworked:dagger":170,"minecraft:iron_axe":856,"minecraft:chicken_spawn_egg":1,"minecraft:melon_seeds":6,"overweight_farming:overweight_potato_block":1,"minecraft:golden_carrot":2,"projectvibrantjourneys:cattail":1,"mcda:spelunker_armor_helmet":19,"minecraft:cooked_beef":4,"minecraft:pumpkin":2,"minecraft:brown_bed":3,"minecraft:wheat_seeds":284,"minecraft:water_bucket":13,"minecraft:birch_planks":16,"minecraft:baked_potato":209,"minecraft:spruce_sign":5,"minecraft:fletching_table":1,"minecraft:spruce_fence_gate":16,"minecraft:crafting_table":2,"variantvanillablocks:birch_crafting_table":1,"minecraft:painting":5,"minecraft:spruce_log":124,"minecraft:flower_pot":2,"projectvibrantjourneys:twigs":1,"minecraft:apple":16,"minecraft:iron_pickaxe":1230,"soul_like_armors_reworked:dark_knight_helmet":18,"minecraft:spruce_sapling":22,"minecraft:cobblestone":54,"minecraft:bucket":14,"minecraft:glass_pane":102,"minecraft:dandelion":10,"minecraft:splash_potion":1},"minecraft:killed":{"born_in_chaos_v1:zombie_clown":1,"born_in_chaos_v1:restless_spirit":1,"born_in_chaos_v1:zombie_lumberjack":1,"minecraft:spider":9,"farlanders:fanmade_enderman":1,"born_in_chaos_v1:baby_skeleton_minion":4,"minecraft:skeleton":17,"bloodandmadness:beast_patient":3,"minecraft:chicken":1,"minecraft:pig":2,"born_in_chaos_v1:diamond_termite":2,"minecraft:sheep":1,"minecraft:zombie":41,"minecraft:stray":12,"minecraft:cow":5,"born_in_chaos_v1:maggot":8,"farlanders:mystic_enderminion":1,"bloodandmadness:huntsman_axe":1,"bloodandmadness:church_doctor_scythe":1,"farlanders:looter":2,"born_in_chaos_v1:bone_imp_minion":4,"farlanders:ender_golem":1,"born_in_chaos_v1:decrepit_skeleton":3,"born_in_chaos_v1:bloody_gadfly":3,"born_in_chaos_v1:decaying_zombie":1,"born_in_chaos_v1:bonescaller_not_despawn":1,"minecraft:wither_skeleton":9,"minecraft:player":1}},"DataVersion":3465}