{"stats":{"minecraft:picked_up":{"minecraft:enchanting_table":1,"iceandfire:dragon_skull_lightning":1,"born_in_chaos_v1:corpse_maggot":2,"minecraft:prismarine_shard":4,"minecraft:andesite":2,"soul_like_armors_reworked:darkknighttrident":1,"minecraft:potion":1,"minecraft:brewing_stand":1,"minecraft:dead_horn_coral_block":1,"soul_like_armors_reworked:darkknightshield":1,"minecraft:lapis_lazuli":107,"projectvibrantjourneys:sea_oats":2,"minecraft:dead_tube_coral_block":2,"minecraft:waxed_cut_copper_slab":2,"minecraft:item_frame":1,"soul_like_armors_reworked:rustyshield":1,"minecraft:bone":2,"minecraft:wheat_seeds":1,"minecraft:cobbled_deepslate":2,"minecraft:spruce_planks":5,"pickablepets:pet":1,"minecraft:player_head":1,"iceandfire:dragonscales_amythest":22,"minecraft:book":122,"projectvibrantjourneys:light_brown_bark_mushroom":1,"iceandfire:dragonbone":9,"epicpaladins:arclight_gem":5,"minecraft:bowl":1,"gamma_beasts:coconut":12,"iceandfire:shiny_scales":7,"minecraft:sand":10,"minecraft:dead_fire_coral_block":1,"iceandfire:lightning_dragon_flesh":2,"iceandfire:crackled_gravel":1,"minecraft:spruce_sapling":1,"minecraft:blast_furnace":1,"iceandfire:lightning_dragon_heart":1,"minecraft:red_terracotta":3,"minecraft:prismarine_crystals":5,"minecraft:dark_prismarine":3,"minecraft:dark_oak_planks":4,"minecraft:waxed_cut_copper_stairs":3,"soul_like_armors_reworked:estusflask":4,"minecraft:lime_banner":1,"minecraft:dead_bubble_coral_block":1,"minecraft:dead_brain_coral_block":3,"knightquest:small_essence":5,"minecraft:golden_apple":1,"supplementaries:ash":1,"epicsamurai:ruby":7,"runecraft_metals_of_gielinor:raw_runite":10,"minecraft:cobblestone":21},"minecraft:used":{"runecraft_metals_of_gielinor:runite_sword":1,"minecraft:enchanting_table":1,"minecraft:diamond_axe":56,"iceandfire:dragon_skull_lightning":1,"ring_of_teleport:ring_of_teleport":6,"minecraft:torch":1,"farmersdelight:pasta_with_mutton_chop":1,"the_pillager_legion_:legion_showel_tpl":9,"farmersdelight:fried_rice":1,"iceandfire:dragonbone_bow":52,"minecraft:cobblestone":5,"iceandfire:dragonbone_pickaxe":92},"minecraft:mined":{"minecraft:waxed_cut_copper_slab":2,"minecraft:waxed_cut_copper_stairs":3,"minecraft:dark_prismarine":3,"minecraft:spruce_planks":5,"projectvibrantjourneys:sea_oats":2,"minecraft:dead_bubble_coral_block":1,"minecraft:brewing_stand":1,"runecraft_metals_of_gielinor:runite_ore":10,"minecraft:blast_furnace":1,"epicsamurai:deepslate_ruby_ore":4,"minecraft:dead_tube_coral_block":2,"minecraft:spruce_leaves":4,"minecraft:lapis_ore":15,"minecraft:spawner":2,"minecraft:red_terracotta":3,"minecraft:dead_fire_coral_block":1,"minecraft:andesite":2,"minecraft:deepslate_lapis_ore":1,"minecraft:enchanting_table":1,"minecraft:dead_horn_coral_block":1,"minecraft:bookshelf":43,"minecraft:dead_brain_coral_block":3,"minecraft:lime_wall_banner":1,"minecraft:sand":10,"gamma_beasts:coconut_block":7,"minecraft:stripped_mangrove_wood":1,"minecraft:stone":23,"minecraft:orange_wall_banner":1,"minecraft:player_head":1,"epicpaladins:arclight_ore":3,"minecraft:deepslate":2,"epicsamurai:ruby_ore":1,"minecraft:dark_oak_planks":4},"minecraft:custom":{"minecraft:interact_with_furnace":8,"minecraft:interact_with_anvil":1,"minecraft:mob_kills":17,"minecraft:interact_with_crafting_table":1,"minecraft:open_barrel":161,"minecraft:leave_game":1,"minecraft:time_since_death":82958,"minecraft:sleep_in_bed":6,"minecraft:climb_one_cm":6644,"minecraft:time_since_rest":6247,"minecraft:sprint_one_cm":263147,"minecraft:walk_one_cm":270897,"minecraft:damage_absorbed":324,"minecraft:damage_dealt":13,"minecraft:swim_one_cm":272801,"minecraft:fly_one_cm":111582,"minecraft:open_chest":35,"minecraft:crouch_one_cm":14,"minecraft:play_time":82958,"minecraft:sneak_time":237,"minecraft:walk_under_water_one_cm":63995,"minecraft:jump":287,"minecraft:walk_on_water_one_cm":13272,"minecraft:total_world_time":82958,"minecraft:fall_one_cm":4980},"minecraft:killed":{"minecraft:husk":7,"alexsmobs:seagull":1,"born_in_chaos_v1:maggot":2,"minecraft:skeleton":3,"iceandfire:siren":3,"iceandfire:lightning_dragon":1},"minecraft:crafted":{"minecraft:coal_block":55,"minecraft:bone_block":2,"ancient_elements:nether_steel_ingot":19,"minecraft:gold_block":28,"minecraft:air":0,"minecraft:quartz_block":158,"minecraft:iron_ingot":108,"minecraft:iron_block":12,"minecraft:gold_ingot":38,"minecraft:lapis_block":21}},"DataVersion":3465}