{"stats":{"minecraft:picked_up":{"minecraft:enchanting_table":1,"minecraft:dead_fire_coral_block":1,"minecraft:sand":9,"minecraft:dead_horn_coral_block":1,"projectvibrantjourneys:sea_oats":2,"minecraft:lapis_lazuli":107,"minecraft:dead_tube_coral_block":2,"minecraft:dead_bubble_coral_block":1,"minecraft:dead_brain_coral_block":3,"epicsamurai:ruby":1,"minecraft:cobblestone":3},"minecraft:used":{"runecraft_metals_of_gielinor:runite_sword":1,"the_pillager_legion_:legion_showel_tpl":9,"minecraft:enchanting_table":1,"ring_of_teleport:ring_of_teleport":6,"minecraft:torch":1,"farmersdelight:pasta_with_mutton_chop":1,"iceandfire:dragonbone_pickaxe":29},"minecraft:mined":{"minecraft:dead_fire_coral_block":1,"projectvibrantjourneys:sea_oats":2,"minecraft:dead_bubble_coral_block":1,"minecraft:deepslate_lapis_ore":1,"minecraft:enchanting_table":1,"minecraft:dead_horn_coral_block":1,"epicsamurai:deepslate_ruby_ore":1,"minecraft:dead_brain_coral_block":3,"minecraft:dead_tube_coral_block":2,"minecraft:sand":10,"minecraft:lapis_ore":15,"minecraft:stone":3},"minecraft:custom":{"minecraft:time_since_rest":4966,"minecraft:interact_with_furnace":8,"minecraft:sprint_one_cm":108005,"minecraft:damage_absorbed":15,"minecraft:walk_one_cm":86226,"minecraft:interact_with_anvil":1,"minecraft:interact_with_crafting_table":1,"minecraft:swim_one_cm":93668,"minecraft:fly_one_cm":26129,"minecraft:open_barrel":146,"minecraft:open_chest":17,"minecraft:crouch_one_cm":14,"minecraft:play_time":53496,"minecraft:sneak_time":193,"minecraft:walk_under_water_one_cm":34671,"minecraft:jump":98,"minecraft:walk_on_water_one_cm":5963,"minecraft:time_since_death":53496,"minecraft:sleep_in_bed":4,"minecraft:total_world_time":53496,"minecraft:climb_one_cm":1259,"minecraft:fall_one_cm":935},"minecraft:crafted":{"minecraft:coal_block":55,"minecraft:quartz_block":158,"minecraft:bone_block":2,"ancient_elements:nether_steel_ingot":19,"minecraft:iron_ingot":108,"minecraft:iron_block":12,"minecraft:gold_ingot":38,"minecraft:gold_block":28,"minecraft:lapis_block":21,"minecraft:air":0}},"DataVersion":3465}