{"stats":{"minecraft:used":{"ring_of_teleport:ring_of_teleport":2},"minecraft:custom":{"minecraft:jump":46,"minecraft:open_chest":3,"minecraft:time_since_rest":5496,"minecraft:crouch_one_cm":14,"minecraft:sprint_one_cm":25348,"minecraft:play_time":5496,"minecraft:walk_on_water_one_cm":1093,"minecraft:time_since_death":5496,"minecraft:walk_one_cm":15382,"minecraft:sneak_time":107,"minecraft:total_world_time":5496,"minecraft:walk_under_water_one_cm":4510,"minecraft:fly_one_cm":9239}},"DataVersion":3465}