{"stats":{"minecraft:killed":{"born_in_chaos_v1:zombie_clown":1,"minecraft:cave_spider":5,"minecraft:witch":2,"born_in_chaos_v1:restless_spirit":2,"born_in_chaos_v1:zombie_lumberjack":2,"minecraft:spider":10,"endermanoverhaul:dark_oak_enderman":1,"farlanders:fanmade_enderman":1,"creeperoverhaul:dripstone_creeper":1,"born_in_chaos_v1:baby_skeleton_minion":4,"minecraft:skeleton":45,"bloodandmadness:beast_patient":4,"minecraft:chicken":1,"born_in_chaos_v1:skeleton_thrasher":1,"minecraft:tropical_fish":3,"minecraft:pig":2,"minecraft:zombie_villager":3,"born_in_chaos_v1:diamond_termite":3,"minecraft:creeper":2,"minecraft:sheep":17,"minecraft:pillager":2,"minecraft:zombie":69,"born_in_chaos_v1:dread_hound":2,"minecraft:stray":12,"takesapillage:archer":2,"minecraft:cow":5,"bloodandmadness:cloaked_beast_patient":1,"born_in_chaos_v1:maggot":9,"farlanders:mystic_enderminion":1,"bloodandmadness:huntsman_axe":1,"bloodandmadness:church_doctor_scythe":1,"minecraft:husk":17,"farlanders:looter":2,"born_in_chaos_v1:bone_imp_minion":4,"iceandfire:cyclops":1,"farlanders:ender_golem":1,"the_pillager_legion_:veteran_infantryman_tpl":8,"born_in_chaos_v1:decrepit_skeleton":4,"born_in_chaos_v1:bloody_gadfly":3,"born_in_chaos_v1:decaying_zombie":1,"born_in_chaos_v1:bonescaller_not_despawn":1,"alexsmobs:crow":1,"the_pillager_legion_:infantryman_tpl":5,"minecraft:wither_skeleton":9,"minecraft:player":1},"minecraft:mined":{"minecraft:dark_oak_planks":1,"minecraft:spruce_planks":37,"minecraft:farmland":5,"minecraft:jungle_leaves":1,"travelersbackpack:iron_golem":1,"minecraft:potted_crimson_fungus":1,"minecraft:cave_vines_plant":1,"minecraft:grass_block":1071,"minecraft:red_sand":30,"epicsamurai:silver_ore":1,"minecraft:deepslate_bricks":1,"minecraft:bamboo_block":2,"minecraft:oak_wall_sign":2,"minecraft:spawner":27,"overweight_farming:overweight_potato_block":2,"minecraft:weeping_vines_plant":2,"minecraft:tall_seagrass":2,"handcrafted:birch_drawer":3,"minecraft:iron_ore":126,"minecraft:fire":2,"projectvibrantjourneys:bark_mushroom":2,"minecraft:pumpkin":35,"minecraft:fletching_table":2,"minecraft:dark_oak_stairs":2,"minecraft:azure_bluet":2,"variantvanillablocks:spruce_chest":3,"minecraft:brown_bed":3,"minecraft:dirt_path":5,"minecraft:dead_tube_coral":1,"minecraft:iron_bars":19,"minecraft:spruce_wood":30,"minecraft:azalea":2,"minecraft:blue_orchid":1,"minecraft:iron_block":1,"minecraft:polished_granite_stairs":3,"minecraft:player_head":1,"minecraft:spruce_slab":1,"projectvibrantjourneys:cattail":4,"minecraft:red_bed":1,"minecraft:amethyst_cluster":1,"minecraft:soul_lantern":7,"minecraft:clay":2,"iceandfire:dragon_ice_spikes":49,"the_pillager_legion_:legion_deep":7,"projectvibrantjourneys:twigs":11,"minecraft:calcite":7,"minecraft:melon":13,"minecraft:poppy":9,"iceandfire:frozen_dirt":1,"minecraft:spruce_wall_sign":1,"minecraft:glass":12,"minecraft:honeycomb_block":12,"minecraft:cobblestone":1,"minecraft:oak_planks":9,"projectvibrantjourneys:fallen_leaves":14,"minecraft:sugar_cane":20,"minecraft:wall_torch":15,"minecraft:seagrass":5,"minecraft:cyan_wool":4,"minecraft:chain":6,"minecraft:dark_oak_slab":1,"minecraft:birch_log":20,"minecraft:wheat":413,"epicsamurai:aquamarine_ore":4,"projectvibrantjourneys:bones":2,"minecraft:stripped_oak_wood":1,"minecraft:pitcher_plant":2,"minecraft:stone_brick_stairs":1,"the_pillager_legion_:legion_cut_deep_2":1,"minecraft:grass":710,"minecraft:oak_log":8,"minecraft:beetroots":220,"projectvibrantjourneys:short_grass":204,"minecraft:dirt":562,"variantvanillablocks:birch_chest":1,"minecraft:smooth_quartz":2,"minecraft:sand":132,"minecraft:deepslate":174,"minecraft:oak_leaves":3,"minecraft:redstone_lamp":3,"minecraft:attached_pumpkin_stem":1,"minecraft:tuff":2,"minecraft:red_carpet":7,"minecraft:brown_concrete":69,"minecraft:mossy_cobblestone":1,"minecraft:deepslate_diamond_ore":4,"minecraft:dark_oak_log":3,"projectvibrantjourneys:rocks":6,"born_in_chaos_v1:infected_diamond_ore":3,"gravestone:gravestone":25,"minecraft:ladder":1,"epicsamurai:deepslate_ruby_ore":5,"minecraft:spruce_fence":11,"the_pillager_legion_:legion_cut_deep_3":1,"iceandfire:frozen_grass":1,"born_in_chaos_v1:black_argillite":1,"iceandfire:frozen_splinters":20,"minecraft:spruce_leaves":54,"minecraft:moss_block":17,"minecraft:red_mushroom":1,"minecraft:large_fern":17,"minecraft:hay_block":71,"minecraft:black_stained_glass_pane":3,"minecraft:oak_trapdoor":1,"minecraft:carrots":148,"minecraft:furnace":1,"gamma_beasts:prehnite_ore":3,"projectvibrantjourneys:orange_bark_mushroom":1,"minecraft:andesite":15,"minecraft:stripped_spruce_log":1,"minecraft:potatoes":188,"minecraft:deepslate_iron_ore":35,"minecraft:lantern":30,"minecraft:potted_spruce_sapling":2,"iceandfire:frost_lily":4,"minecraft:stone":472,"minecraft:scaffolding":3,"minecraft:redstone_block":3,"minecraft:flowering_azalea":1,"minecraft:glass_pane":21,"minecraft:dandelion":13,"minecraft:brown_stained_glass_pane":1,"minecraft:stone_brick_slab":3,"gamma_beasts:abedul_hoja_1":1,"minecraft:spruce_door":8,"minecraft:polished_granite":7,"minecraft:oak_fence":12,"minecraft:cornflower":4,"minecraft:rose_bush":8,"projectvibrantjourneys:mossy_rocks":2,"minecraft:copper_ore":8,"minecraft:tall_grass":241,"minecraft:deepslate_coal_ore":1,"minecraft:lapis_ore":9,"minecraft:deepslate_gold_ore":6,"minecraft:lily_pad":1,"minecraft:birch_planks":8,"minecraft:spruce_stairs":27,"minecraft:gray_wool":2,"gamma_beasts:abedul_hojas":2,"minecraft:black_stained_glass":3,"minecraft:light_blue_bed":3,"minecraft:cobblestone_wall":3,"minecraft:stripped_spruce_wood":2,"minecraft:ice":2,"minecraft:spruce_log":463,"minecraft:birch_leaves":7,"gamma_beasts:thin_oak_log":50,"minecraft:coal_ore":316,"iceandfire:silver_pile":74,"minecraft:dripstone_block":34,"minecraft:cyan_carpet":2,"minecraft:cobweb":12,"minecraft:polished_andesite":4,"minecraft:spruce_fence_gate":5,"minecraft:stone_bricks":12,"minecraft:mossy_stone_bricks":2,"minecraft:gold_ore":2,"pots_and_mimics:treasure_pot":3,"projectvibrantjourneys:oak_hollow_log":7,"minecraft:fern":6},"minecraft:crafted":{"minecraft:oak_planks":42,"minecraft:birch_slab":6,"minecraft:cooked_mutton":3,"cfm:spruce_table":4,"minecraft:glass":112,"minecraft:iron_boots":1,"minecraft:melon_seeds":21,"handcrafted:birch_drawer":2,"minecraft:oak_fence":9,"minecraft:cooked_porkchop":11,"minecraft:crafting_table":2,"minecraft:spruce_planks":504,"minecraft:baked_potato":473,"minecraft:spruce_door":3,"minecraft:birch_planks":68,"gamma_beasts:fried_egg":23,"minecraft:shield":1,"minecraft:stick":184,"minecraft:iron_ingot":73,"minecraft:iron_pickaxe":9,"handcrafted:birch_table":2,"minecraft:spruce_fence_gate":13,"minecraft:birch_stairs":4,"minecraft:furnace":3,"iceandfire:dragon_flute":1,"minecraft:spruce_fence":78,"minecraft:glass_pane":112,"variantvanillablocks:spruce_chest":4,"minecraft:spruce_stairs":260,"minecraft:iron_axe":4,"minecraft:spruce_wood":204,"minecraft:iron_hoe":3,"minecraft:spruce_slab":6,"minecraft:cobblestone_wall":6,"variantvanillablocks:birch_crafting_table":1,"minecraft:spruce_boat":1,"mcda:spelunker_armor_helmet":1,"minecraft:dark_oak_planks":8,"minecraft:wheat":243,"minecraft:cooked_beef":11,"minecraft:sugar":36,"minecraft:spruce_sign":3,"minecraft:bread":111,"minecraft:air":0,"variantvanillablocks:birch_chest":4,"minecraft:iron_shovel":9,"minecraft:pumpkin_pie":11,"minecraft:torch":336},"minecraft:used":{"minecraft:beetroot":11,"handcrafted:birch_table":2,"minecraft:red_sand":20,"minecraft:iron_shovel":2009,"minecraft:spruce_slab":8,"minecraft:poppy":7,"minecraft:iron_sword":9,"soul_like_armors_reworked:darkknightsword":12,"minecraft:bell":1,"minecraft:rotten_flesh":7,"gamma_beasts:thin_oak_log":5,"minecraft:carrot":192,"minecraft:milk_bucket":3,"minecraft:spruce_boat":1,"minecraft:glass":138,"minecraft:spruce_wood":151,"minecraft:lantern":13,"minecraft:light_blue_bed":3,"minecraft:stone_bricks":3,"minecraft:redstone_lamp":3,"minecraft:honeycomb_block":12,"minecraft:bow":121,"minecraft:hay_block":42,"minecraft:scaffolding":3,"minecraft:furnace":4,"minecraft:beetroot_seeds":233,"minecraft:egg":5,"minecraft:potato":229,"projectvibrantjourneys:rocks":1,"epicfight:skillbook":5,"minecraft:spruce_door":8,"minecraft:lily_pad":4,"minecraft:redstone_block":3,"travelersbackpack:iron_golem":40,"minecraft:composter":1,"minecraft:sugar_cane":3,"variantvanillablocks:birch_chest":4,"minecraft:golden_apple":2,"minecraft:golden_hoe":32,"undergarden:wigglewood_sapling":1,"minecraft:dripstone_block":9,"iceandfire:frozen_splinters":3,"handcrafted:birch_drawer":5,"soul_like_armors_reworked:rustysteel_boots":1,"cfm:spruce_table":3,"minecraft:pumpkin_seeds":5,"cfm:blue_sofa":2,"minecraft:cyan_bed":1,"minecraft:melon_slice":25,"minecraft:bread":90,"minecraft:polished_granite":2,"minecraft:iron_door":1,"variantvanillablocks:spruce_chest":7,"minecraft:chain":3,"minecraft:bone_meal":2,"minecraft:experience_bottle":8,"minecraft:oak_fence":18,"bloodandmadness:weapons/church_scythe":2,"minecraft:spruce_planks":88,"gamma_beasts:green_apple":36,"oresabovediamonds:amethyst_sword":1333,"soul_like_armors_reworked:estusflask":29,"minecraft:torch":330,"minecraft:dirt":258,"minecraft:spruce_stairs":157,"minecraft:cobblestone_wall":39,"minecraft:spruce_fence":89,"minecraft:iron_hoe":335,"projectvibrantjourneys:fallen_leaves":5,"soul_like_armors_reworked:dagger":170,"minecraft:iron_axe":856,"minecraft:chicken_spawn_egg":1,"minecraft:melon_seeds":6,"overweight_farming:overweight_potato_block":1,"minecraft:golden_carrot":2,"minecraft:pitcher_plant":1,"projectvibrantjourneys:cattail":1,"the_pillager_legion_:legion_deep":2,"mcda:spelunker_armor_helmet":19,"minecraft:cooked_beef":4,"minecraft:pumpkin":2,"minecraft:brown_bed":3,"minecraft:wheat_seeds":315,"minecraft:cooked_mutton":18,"minecraft:water_bucket":14,"minecraft:birch_planks":16,"minecraft:birch_boat":3,"minecraft:polished_andesite":6,"minecraft:baked_potato":315,"minecraft:spruce_sign":5,"minecraft:fletching_table":1,"minecraft:spruce_fence_gate":16,"minecraft:crafting_table":2,"variantvanillablocks:birch_crafting_table":1,"minecraft:red_bed":1,"minecraft:painting":5,"gamma_beasts:fried_egg":21,"minecraft:flower_pot":3,"minecraft:spruce_log":124,"projectvibrantjourneys:twigs":1,"minecraft:apple":17,"minecraft:iron_pickaxe":1740,"soul_like_armors_reworked:dark_knight_helmet":18,"minecraft:spruce_sapling":22,"minecraft:cobblestone":54,"minecraft:bucket":15,"minecraft:glass_pane":102,"minecraft:dandelion":10,"minecraft:splash_potion":1},"minecraft:broken":{"minecraft:iron_shovel":7,"minecraft:iron_boots":1,"minecraft:iron_leggings":1,"mcda:spelunker_armor_helmet":1,"iceandfire:armor_silver_metal_chestplate":1,"minecraft:golden_hoe":1,"soul_like_armors_reworked:dark_knight_helmet":1,"minecraft:diamond_leggings":1,"minecraft:iron_axe":2,"minecraft:iron_pickaxe":3,"soul_like_armors_reworked:rustysteel_boots":1},"minecraft:custom":{"minecraft:animals_bred":126,"minecraft:interact_with_crafting_table":109,"minecraft:open_barrel":114,"minecraft:bell_ring":1,"minecraft:leave_game":16,"minecraft:time_since_death":5460,"minecraft:damage_resisted":8,"minecraft:sprint_one_cm":11416539,"minecraft:drop":359,"minecraft:play_noteblock":2,"minecraft:talked_to_villager":6,"minecraft:play_time":1294714,"minecraft:deaths":25,"minecraft:jump":8124,"minecraft:walk_on_water_one_cm":163425,"minecraft:interact_with_furnace":97,"minecraft:interact_with_cartography_table":1,"minecraft:interact_with_loom":1,"minecraft:sleep_in_bed":66,"minecraft:damage_dealt":54458,"minecraft:player_kills":1,"minecraft:crouch_one_cm":3738,"minecraft:interact_with_smoker":5,"minecraft:interact_with_smithing_table":1,"minecraft:mob_kills":279,"minecraft:damage_dealt_resisted":3291,"minecraft:climb_one_cm":55345,"minecraft:walk_one_cm":9839268,"minecraft:sneak_time":7516,"minecraft:walk_under_water_one_cm":117964,"minecraft:boat_one_cm":187538,"minecraft:interact_with_lectern":1,"minecraft:interact_with_blast_furnace":12,"minecraft:total_world_time":1294714,"minecraft:pot_flower":2,"minecraft:interact_with_stonecutter":2,"minecraft:interact_with_grindstone":2,"minecraft:damage_absorbed":5,"minecraft:time_since_rest":5566,"minecraft:damage_taken":23145,"minecraft:swim_one_cm":141884,"minecraft:fly_one_cm":1359487,"minecraft:open_chest":801,"minecraft:fall_one_cm":132259},"minecraft:dropped":{"minecraft:moss_block":1,"minecraft:brown_mushroom":3,"gamma_beasts:dark_oak_leaf":2,"minecraft:cooked_beef":4,"minecraft:oak_log":1,"minecraft:baked_potato":57,"minecraft:diamond":1,"minecraft:cooked_porkchop":12,"soul_like_armors_reworked:estusflask":3,"minecraft:dark_oak_slab":3,"iceandfire:ice_dragon_flesh":3,"minecraft:lantern":6,"minecraft:fletching_table":1,"soul_like_armors_reworked:dark_knight_boots":5,"projectvibrantjourneys:orange_bark_mushroom":2,"minecraft:red_carpet":7,"minecraft:dirt":32,"minecraft:grass":8,"minecraft:dark_oak_log":4,"minecraft:large_fern":1,"gamma_beasts:fried_egg":2,"projectvibrantjourneys:fallen_leaves":1,"iceandfire:podium_dark_oak":1,"gravestone:obituary":24,"minecraft:iron_pickaxe":4,"projectvibrantjourneys:bark_mushroom":1,"minecraft:cyan_carpet":1,"minecraft:armor_stand":2,"minecraft:gold_ingot":8,"minecraft:bone":7,"minecraft:crimson_fungus":1,"minecraft:cobbled_deepslate":152,"minecraft:pointed_dripstone":1,"minecraft:rotten_flesh":10,"minecraft:azure_bluet":1,"minecraft:carrot":1,"minecraft:poppy":1,"projectvibrantjourneys:light_brown_bark_mushroom":17,"travelersbackpack:iron_golem":1,"minecraft:jungle_log":2,"born_in_chaos_v1:corpse_maggot":2,"minecraft:azalea":4,"minecraft:spruce_slab":1,"minecraft:iron_bars":6,"minecraft:brown_concrete":2,"minecraft:polished_granite":2,"minecraft:water_bucket":2,"minecraft:iron_ingot":2,"minecraft:bread":9,"minecraft:wheat_seeds":78,"gamma_beasts:oak_leaf":51,"gamma_beasts:coal_nugget":8,"minecraft:iron_helmet":1,"minecraft:cobblestone":11,"soul_like_armors_reworked:rustysteel_leggings":1,"soul_like_armors_reworked:rustysteel_boots":1,"travelersbackpack:wolf":1,"minecraft:stick":11,"minecraft:polished_andesite":2,"minecraft:milk_bucket":1,"minecraft:torch":39,"minecraft:pumpkin":1,"iceandfire:ice_dragon_heart":1,"minecraft:polished_andesite_stairs":3,"minecraft:flowering_azalea":1,"iceandfire:dragonscales_white":52,"minecraft:iron_shovel":2,"minecraft:chainmail_leggings":1,"minecraft:string":11,"minecraft:lily_pad":4,"minecraft:dandelion":1,"iceandfire:dragonbone":21,"minecraft:moss_carpet":26,"alexsmobs:maggot":2,"minecraft:dark_oak_sign":1,"minecraft:tuff":1,"minecraft:raw_copper":25,"minecraft:cobblestone_wall":5,"minecraft:iron_hoe":1,"minecraft:spruce_fence":2,"gamma_beasts:green_apple":6,"minecraft:polished_granite_stairs":3,"soul_like_armors_reworked:darkknightsword":2,"soul_like_armors_reworked:darkknighttrident":1,"soul_like_armors_reworked:rustysteel_chestplate":2,"minecraft:spruce_log":22,"minecraft:birch_boat":1,"minecraft:bow":1,"minecraft:calcite":6,"minecraft:stripped_spruce_wood":1,"simplyswords:iron_claymore":2},"minecraft:picked_up":{"cfm:blue_sofa":2,"gamma_beasts:thin_oak_log":43,"minecraft:iron_chestplate":1,"minecraft:wheat":339,"minecraft:redstone_block":3,"minecraft:flower_pot":3,"minecraft:diamond_sword":1,"minecraft:brown_bed":3,"minecraft:stone_brick_stairs":1,"born_in_chaos_v1:black_argillite":1,"minecraft:string":45,"soul_like_armors_reworked:rustysteel_chestplate":7,"minecraft:raw_copper":25,"minecraft:iron_leggings":1,"minecraft:armor_stand":2,"minecraft:oak_sign":2,"minecraft:beetroot":204,"minecraft:sea_pickle":2,"minecraft:red_sand":30,"minecraft:cobbled_deepslate":152,"minecraft:spruce_planks":29,"iceandfire:frost_lily":4,"minecraft:rose_bush":5,"minecraft:written_book":1,"minecraft:calcite":6,"minecraft:azalea":4,"hangglider:hang_glider":1,"minecraft:melon_slice":64,"minecraft:furnace":1,"minecraft:tipped_arrow":4,"minecraft:stick":52,"minecraft:composter":1,"minecraft:oak_fence":12,"minecraft:torch":17,"iceandfire:dragonscales_white":52,"minecraft:spruce_stairs":26,"epicfight:skillbook":6,"oresabovediamonds:amethyst_sword":1,"minecraft:porkchop":11,"minecraft:honeycomb_block":12,"iceandfire:rotten_egg":6,"minecraft:pointed_dripstone":1,"minecraft:bamboo_block":2,"minecraft:rotten_flesh":19,"minecraft:tropical_fish":10,"minecraft:iron_block":1,"gamma_beasts:coal_nugget":115,"projectvibrantjourneys:cattail":5,"bloodandmadness:blood_stone_shard":3,"minecraft:iron_bars":19,"minecraft:cobblestone":517,"minecraft:birch_log":17,"travelersbackpack:iron_golem":7,"minecraft:cooked_beef":2,"minecraft:iron_door":1,"minecraft:water_bucket":4,"minecraft:jungle_log":4,"projectvibrantjourneys:fallen_leaves":28,"gamma_beasts:prehnite":3,"minecraft:potato":618,"alexsmobs:bear_fur":1,"minecraft:tuff":1,"minecraft:stripped_spruce_wood":1,"gamma_beasts:oak_leaf":51,"projectvibrantjourneys:rocks":2,"minecraft:lapis_lazuli":61,"minecraft:dirt":1464,"minecraft:lantern":29,"minecraft:polished_granite":7,"minecraft:name_tag":2,"born_in_chaos_v1:monster_skin":1,"minecraft:glass":8,"minecraft:bone":66,"minecraft:bow":7,"minecraft:wheat_seeds":1209,"minecraft:dark_oak_sign":3,"minecraft:diamond_helmet":1,"minecraft:raw_gold":9,"minecraft:bell":1,"soul_like_armors_reworked:dark_knight_helmet":2,"soul_like_armors_reworked:rustysteel_boots":3,"minecraft:mossy_stone_bricks":3,"minecraft:fletching_table":2,"minecraft:moss_block":1,"epicsamurai:raw_silver":1,"minecraft:oak_planks":4,"handcrafted:birch_drawer":3,"overweight_farming:overweight_potato_block":2,"minecraft:poisonous_potato":3,"minecraft:sand":213,"soul_like_armors_reworked:dark_knight_leggings":1,"minecraft:stripped_spruce_log":1,"minecraft:cyan_bed":1,"iceandfire:podium_dark_oak":1,"minecraft:dark_oak_log":6,"minecraft:iron_hoe":1,"minecraft:polished_andesite":9,"minecraft:spruce_fence_gate":6,"soul_like_armors_reworked:dark_knight_boots":6,"minecraft:diamond":4,"minecraft:soul_lantern":7,"minecraft:grass":8,"minecraft:bone_meal":4,"minecraft:golden_apple":1,"minecraft:spruce_sign":1,"minecraft:emerald":3,"minecraft:bread":5,"alexsmobs:maggot":2,"epicsamurai:ruby":5,"minecraft:dark_oak_fence":1,"iceandfire:silver_nugget":800,"iceandfire:raw_silver":1,"born_in_chaos_v1:diamond_termite_shard":4,"minecraft:azure_bluet":2,"minecraft:chicken":1,"iceandfire:witherbone":4,"minecraft:clay_ball":61,"minecraft:leather_leggings":1,"born_in_chaos_v1:seedof_chaos":4,"minecraft:redstone_lamp":3,"minecraft:brown_mushroom":4,"soul_like_armors_reworked:darkknightsword":6,"gravestone:obituary":5,"minecraft:chain":8,"minecraft:cornflower":4,"iceandfire:frozen_splinters":49,"minecraft:oak_trapdoor":1,"minecraft:red_bed":1,"minecraft:moss_carpet":26,"farlanders:ender_horn":3,"minecraft:item_frame":1,"minecraft:iron_shovel":1,"minecraft:cyan_carpet":3,"bloodandmadness:blood_vial":5,"travelersbackpack:horse":1,"minecraft:beef":14,"minecraft:cyan_wool":2,"minecraft:player_head":1,"minecraft:poppy":9,"minecraft:spruce_slab":4,"minecraft:sugar_cane":39,"minecraft:birch_sapling":2,"iceandfire:ice_dragon_heart":1,"minecraft:egg":97,"minecraft:raw_iron":162,"iceandfire:dragonbone":21,"gamma_beasts:dark_oak_leaf":2,"projectvibrantjourneys:bark_mushroom":5,"minecraft:spruce_fence":13,"minecraft:redstone":1,"minecraft:carrot":483,"soul_like_armors_reworked:rustysteel_helmet":2,"minecraft:light_blue_bed":3,"bloodandmadness:beastblood_clump":2,"minecraft:chicken_spawn_egg":1,"soul_like_armors_reworked:estusflask":57,"minecraft:polished_granite_stairs":3,"minecraft:arrow":70,"minecraft:beetroot_seeds":565,"variantvanillablocks:spruce_chest":3,"minecraft:hay_block":69,"bloodandmadness:weapons/church_scythe":1,"minecraft:glow_berries":1,"minecraft:mutton":31,"minecraft:skeleton_skull":3,"minecraft:white_wool":20,"born_in_chaos_v1:corpse_maggot":10,"the_pillager_legion_:legion_cut_deep_2":1,"born_in_chaos_v1:monster_flesh":2,"projectvibrantjourneys:icicle":4,"minecraft:leather":13,"soul_like_armors_reworked:darkknighttrident":1,"minecraft:brown_concrete":66,"minecraft:birch_planks":8,"simplyswords:iron_claymore":2,"minecraft:crimson_fungus":2,"minecraft:oak_log":9,"gamma_beasts:green_apple":42,"minecraft:chainmail_chestplate":1,"minecraft:lily_pad":9,"farlanders:looter_hood":1,"minecraft:cobblestone_wall":6,"minecraft:red_carpet":7,"minecraft:apple":1,"minecraft:stone_bricks":13,"minecraft:spruce_wood":30,"minecraft:iron_ingot":6,"minecraft:stone_pickaxe":1,"the_pillager_legion_:legion_cut_deep_3":1,"the_pillager_legion_:legion_deep":5,"minecraft:stripped_oak_wood":1,"minecraft:pitcher_plant":1,"epicsamurai:aquamarine":4,"minecraft:flowering_azalea":1,"projectvibrantjourneys:light_brown_bark_mushroom":18,"minecraft:scaffolding":3,"minecraft:polished_andesite_stairs":3,"minecraft:milk_bucket":1,"minecraft:dark_oak_slab":3,"minecraft:birch_boat":5,"minecraft:pumpkin":33,"minecraft:stone_brick_slab":1,"born_in_chaos_v1:orbofthe_summoner":1,"born_in_chaos_v1:ethereal_spirit":4,"minecraft:dandelion":11,"minecraft:dripstone_block":34,"minecraft:amethyst_shard":2,"minecraft:spruce_sapling":63,"minecraft:spruce_log":474,"soul_like_armors_reworked:rustysteelmace":3,"minecraft:spider_eye":9,"minecraft:spruce_door":8,"travelersbackpack:wolf":1,"minecraft:pumpkin_seeds":3,"soul_like_armors_reworked:dark_knight_chestplate":1,"minecraft:chainmail_leggings":1,"minecraft:iron_helmet":1,"minecraft:painting":6,"minecraft:cherry_sapling":1,"soul_like_armors_reworked:rustysteel_leggings":2,"iceandfire:ice_dragon_flesh":3,"minecraft:baked_potato":40,"projectvibrantjourneys:orange_bark_mushroom":4,"projectvibrantjourneys:twigs":1,"minecraft:coal":290,"variantvanillablocks:birch_chest":1,"minecraft:ender_pearl":1},"minecraft:killed_by":{"born_in_chaos_v1:nightmare_stalker":1,"iceandfire:cyclops":1,"born_in_chaos_v1:bone_imp_minion":1,"farlanders:ender_golem":1,"the_pillager_legion_:veteran_infantryman_tpl":1,"iceandfire:ice_dragon":3,"minecraft:zombie":8,"iceandfire:fire_dragon":1,"minecraft:vex":2,"minecraft:husk":1,"minecraft:player":1,"minecraft:skeleton":1}},"DataVersion":3465}