{"stats":{"minecraft:picked_up":{"minecraft:enchanting_table":1,"projectvibrantjourneys:sea_oats":2},"minecraft:used":{"ring_of_teleport:ring_of_teleport":6,"minecraft:torch":1,"minecraft:enchanting_table":1,"farmersdelight:pasta_with_mutton_chop":1,"iceandfire:dragonbone_pickaxe":1},"minecraft:mined":{"projectvibrantjourneys:sea_oats":2,"minecraft:enchanting_table":1},"minecraft:custom":{"minecraft:open_barrel":128,"minecraft:time_since_rest":11968,"minecraft:open_chest":14,"minecraft:crouch_one_cm":14,"minecraft:interact_with_furnace":6,"minecraft:play_time":41496,"minecraft:sprint_one_cm":91813,"minecraft:walk_one_cm":64538,"minecraft:damage_absorbed":15,"minecraft:sneak_time":190,"minecraft:walk_under_water_one_cm":4510,"minecraft:interact_with_anvil":1,"minecraft:jump":83,"minecraft:time_since_death":41496,"minecraft:walk_on_water_one_cm":5319,"minecraft:sleep_in_bed":2,"minecraft:total_world_time":41496,"minecraft:interact_with_crafting_table":1,"minecraft:fall_one_cm":935,"minecraft:fly_one_cm":24524},"minecraft:crafted":{"minecraft:coal_block":55,"minecraft:gold_ingot":38,"minecraft:bone_block":2,"minecraft:quartz_block":158,"minecraft:gold_block":28,"ancient_elements:nether_steel_ingot":12,"minecraft:lapis_block":21,"minecraft:air":0,"minecraft:iron_ingot":108,"minecraft:iron_block":12}},"DataVersion":3465}