{"stats":{"minecraft:picked_up":{"projectvibrantjourneys:sea_oats":2},"minecraft:used":{"ring_of_teleport:ring_of_teleport":6,"farmersdelight:pasta_with_mutton_chop":1,"minecraft:torch":1},"minecraft:mined":{"projectvibrantjourneys:sea_oats":2},"minecraft:custom":{"minecraft:jump":82,"minecraft:open_chest":5,"minecraft:time_since_rest":2495,"minecraft:damage_absorbed":15,"minecraft:crouch_one_cm":14,"minecraft:sprint_one_cm":91813,"minecraft:play_time":17496,"minecraft:walk_on_water_one_cm":5319,"minecraft:time_since_death":17496,"minecraft:walk_one_cm":45527,"minecraft:sleep_in_bed":1,"minecraft:sneak_time":190,"minecraft:total_world_time":17496,"minecraft:walk_under_water_one_cm":4510,"minecraft:interact_with_anvil":1,"minecraft:fall_one_cm":935,"minecraft:fly_one_cm":24524,"minecraft:open_barrel":6}},"DataVersion":3465}