{"stats":{"minecraft:used":{"minecraft:beetroot":11,"minecraft:red_sand":20,"minecraft:iron_shovel":2009,"handcrafted:birch_table":2,"minecraft:spruce_slab":8,"minecraft:poppy":7,"minecraft:iron_sword":9,"gamma_beasts:thin_oak_log":5,"minecraft:carrot":151,"minecraft:milk_bucket":3,"minecraft:spruce_boat":1,"minecraft:glass":138,"minecraft:spruce_wood":151,"minecraft:lantern":13,"minecraft:light_blue_bed":3,"minecraft:redstone_lamp":3,"minecraft:hay_block":5,"minecraft:scaffolding":3,"minecraft:furnace":4,"minecraft:beetroot_seeds":199,"minecraft:egg":5,"minecraft:potato":181,"projectvibrantjourneys:rocks":1,"epicfight:skillbook":2,"minecraft:spruce_door":8,"minecraft:lily_pad":1,"travelersbackpack:iron_golem":16,"minecraft:composter":1,"minecraft:redstone_block":3,"minecraft:sugar_cane":3,"variantvanillablocks:birch_chest":4,"minecraft:golden_apple":2,"minecraft:golden_hoe":32,"iceandfire:frozen_splinters":3,"handcrafted:birch_drawer":5,"soul_like_armors_reworked:rustysteel_boots":1,"cfm:spruce_table":3,"minecraft:pumpkin_seeds":5,"cfm:blue_sofa":2,"minecraft:bread":83,"variantvanillablocks:spruce_chest":7,"minecraft:chain":3,"minecraft:bone_meal":2,"minecraft:experience_bottle":8,"minecraft:oak_fence":18,"bloodandmadness:weapons/church_scythe":2,"minecraft:spruce_planks":82,"gamma_beasts:green_apple":36,"oresabovediamonds:amethyst_sword":280,"minecraft:torch":25,"minecraft:dirt":258,"minecraft:spruce_stairs":157,"minecraft:cobblestone_wall":39,"minecraft:spruce_fence":89,"minecraft:iron_hoe":318,"projectvibrantjourneys:fallen_leaves":2,"soul_like_armors_reworked:dagger":170,"minecraft:iron_axe":854,"minecraft:chicken_spawn_egg":1,"overweight_farming:overweight_potato_block":1,"minecraft:golden_carrot":2,"mcda:spelunker_armor_helmet":1,"minecraft:cooked_beef":4,"minecraft:pumpkin":2,"minecraft:brown_bed":3,"minecraft:wheat_seeds":284,"minecraft:water_bucket":13,"minecraft:birch_planks":16,"minecraft:baked_potato":103,"minecraft:spruce_sign":5,"minecraft:fletching_table":1,"minecraft:spruce_fence_gate":16,"minecraft:crafting_table":2,"variantvanillablocks:birch_crafting_table":1,"minecraft:spruce_log":124,"minecraft:flower_pot":2,"minecraft:apple":16,"minecraft:iron_pickaxe":916,"minecraft:spruce_sapling":20,"minecraft:cobblestone":34,"minecraft:bucket":14,"minecraft:glass_pane":102,"minecraft:dandelion":10,"minecraft:splash_potion":1},"minecraft:dropped":{"minecraft:cooked_beef":2,"minecraft:baked_potato":57,"minecraft:diamond":1,"minecraft:dark_oak_slab":1,"iceandfire:ice_dragon_flesh":3,"minecraft:lantern":6,"minecraft:dirt":32,"minecraft:grass":8,"minecraft:large_fern":1,"projectvibrantjourneys:fallen_leaves":1,"iceandfire:podium_dark_oak":1,"gravestone:obituary":11,"minecraft:iron_pickaxe":2,"minecraft:gold_ingot":8,"minecraft:armor_stand":2,"minecraft:cobbled_deepslate":144,"minecraft:azure_bluet":1,"minecraft:carrot":1,"minecraft:poppy":1,"projectvibrantjourneys:light_brown_bark_mushroom":17,"minecraft:spruce_slab":1,"minecraft:water_bucket":2,"minecraft:iron_ingot":2,"minecraft:bread":7,"minecraft:wheat_seeds":74,"gamma_beasts:oak_leaf":51,"gamma_beasts:coal_nugget":1,"minecraft:iron_helmet":1,"minecraft:cobblestone":5,"soul_like_armors_reworked:rustysteel_boots":1,"minecraft:milk_bucket":1,"minecraft:torch":31,"iceandfire:ice_dragon_heart":1,"minecraft:pumpkin":1,"iceandfire:dragonscales_white":52,"minecraft:chainmail_leggings":1,"minecraft:iron_shovel":2,"minecraft:string":1,"minecraft:dandelion":1,"iceandfire:dragonbone":21,"minecraft:moss_carpet":10,"minecraft:cobblestone_wall":3,"minecraft:iron_hoe":1,"minecraft:spruce_fence":2,"gamma_beasts:green_apple":6,"soul_like_armors_reworked:darkknightsword":2,"minecraft:spruce_log":22,"simplyswords:iron_claymore":2},"minecraft:custom":{"minecraft:animals_bred":70,"minecraft:interact_with_crafting_table":95,"minecraft:open_barrel":49,"minecraft:leave_game":11,"minecraft:time_since_death":121577,"minecraft:sprint_one_cm":6907486,"minecraft:drop":209,"minecraft:talked_to_villager":4,"minecraft:play_time":765532,"minecraft:deaths":13,"minecraft:jump":3605,"minecraft:walk_on_water_one_cm":102593,"minecraft:interact_with_furnace":70,"minecraft:interact_with_loom":1,"minecraft:sleep_in_bed":48,"minecraft:damage_dealt":9846,"minecraft:crouch_one_cm":2126,"minecraft:interact_with_smoker":3,"minecraft:mob_kills":46,"minecraft:climb_one_cm":23039,"minecraft:walk_one_cm":6178133,"minecraft:sneak_time":3069,"minecraft:walk_under_water_one_cm":87515,"minecraft:boat_one_cm":22755,"minecraft:interact_with_blast_furnace":7,"minecraft:total_world_time":765532,"minecraft:pot_flower":1,"minecraft:interact_with_grindstone":1,"minecraft:interact_with_stonecutter":2,"minecraft:time_since_rest":7433,"minecraft:damage_taken":7521,"minecraft:damage_absorbed":5,"minecraft:swim_one_cm":91484,"minecraft:fly_one_cm":815699,"minecraft:open_chest":435,"minecraft:fall_one_cm":62339},"minecraft:killed":{"minecraft:spider":2,"farlanders:fanmade_enderman":1,"minecraft:skeleton":5,"bloodandmadness:beast_patient":3,"minecraft:chicken":1,"minecraft:pig":2,"minecraft:sheep":1,"minecraft:zombie":12,"minecraft:cow":3,"born_in_chaos_v1:maggot":4,"farlanders:mystic_enderminion":1,"bloodandmadness:church_doctor_scythe":1,"farlanders:looter":2,"farlanders:ender_golem":1,"born_in_chaos_v1:decrepit_skeleton":1,"born_in_chaos_v1:bloody_gadfly":3},"minecraft:picked_up":{"gamma_beasts:thin_oak_log":43,"cfm:blue_sofa":2,"minecraft:wheat":306,"minecraft:redstone_block":3,"minecraft:flower_pot":2,"minecraft:brown_bed":3,"minecraft:stone_brick_stairs":1,"minecraft:string":6,"minecraft:raw_copper":25,"minecraft:iron_leggings":1,"minecraft:armor_stand":2,"minecraft:beetroot":142,"minecraft:red_sand":30,"minecraft:cobbled_deepslate":144,"minecraft:spruce_planks":29,"minecraft:furnace":1,"minecraft:stick":49,"minecraft:composter":1,"minecraft:oak_fence":12,"minecraft:torch":2,"minecraft:spruce_stairs":26,"iceandfire:dragonscales_white":52,"epicfight:skillbook":2,"oresabovediamonds:amethyst_sword":1,"minecraft:porkchop":11,"iceandfire:rotten_egg":1,"minecraft:rotten_flesh":2,"gamma_beasts:coal_nugget":18,"projectvibrantjourneys:cattail":5,"bloodandmadness:blood_stone_shard":1,"minecraft:cobblestone":422,"minecraft:birch_log":17,"travelersbackpack:iron_golem":1,"minecraft:water_bucket":1,"projectvibrantjourneys:fallen_leaves":28,"minecraft:potato":554,"gamma_beasts:oak_leaf":51,"projectvibrantjourneys:rocks":1,"minecraft:dirt":1448,"minecraft:lantern":29,"minecraft:name_tag":2,"minecraft:glass":8,"minecraft:bone":4,"minecraft:bow":1,"minecraft:wheat_seeds":1105,"minecraft:raw_gold":5,"minecraft:bell":1,"soul_like_armors_reworked:rustysteel_boots":2,"minecraft:fletching_table":1,"handcrafted:birch_drawer":3,"overweight_farming:overweight_potato_block":2,"minecraft:poisonous_potato":2,"minecraft:sand":213,"minecraft:stripped_spruce_log":1,"soul_like_armors_reworked:dark_knight_leggings":1,"iceandfire:podium_dark_oak":1,"minecraft:iron_hoe":1,"minecraft:spruce_fence_gate":6,"minecraft:diamond":4,"minecraft:soul_lantern":7,"minecraft:grass":8,"minecraft:bone_meal":2,"minecraft:spruce_sign":1,"iceandfire:silver_nugget":800,"minecraft:azure_bluet":2,"minecraft:chicken":1,"minecraft:redstone_lamp":3,"minecraft:brown_mushroom":1,"soul_like_armors_reworked:darkknightsword":2,"minecraft:chain":5,"minecraft:cornflower":4,"iceandfire:frozen_splinters":49,"minecraft:moss_carpet":10,"farlanders:ender_horn":3,"minecraft:iron_shovel":1,"bloodandmadness:blood_vial":1,"travelersbackpack:horse":1,"minecraft:beef":11,"minecraft:cyan_wool":2,"minecraft:player_head":1,"minecraft:poppy":9,"minecraft:spruce_slab":3,"minecraft:sugar_cane":39,"minecraft:birch_sapling":2,"iceandfire:ice_dragon_heart":1,"minecraft:egg":17,"minecraft:raw_iron":12,"iceandfire:dragonbone":21,"projectvibrantjourneys:bark_mushroom":4,"minecraft:spruce_fence":13,"minecraft:carrot":359,"soul_like_armors_reworked:rustysteel_helmet":1,"minecraft:light_blue_bed":3,"bloodandmadness:beastblood_clump":2,"minecraft:chicken_spawn_egg":1,"soul_like_armors_reworked:estusflask":6,"minecraft:beetroot_seeds":393,"variantvanillablocks:spruce_chest":3,"minecraft:hay_block":10,"bloodandmadness:weapons/church_scythe":1,"minecraft:mutton":3,"minecraft:white_wool":2,"born_in_chaos_v1:corpse_maggot":5,"projectvibrantjourneys:icicle":4,"minecraft:leather":10,"minecraft:birch_planks":8,"simplyswords:iron_claymore":2,"minecraft:lily_pad":4,"gamma_beasts:green_apple":42,"minecraft:oak_log":6,"minecraft:chainmail_chestplate":1,"farlanders:looter_hood":1,"minecraft:cobblestone_wall":4,"minecraft:stone_bricks":5,"minecraft:spruce_wood":30,"projectvibrantjourneys:light_brown_bark_mushroom":18,"minecraft:scaffolding":3,"minecraft:dark_oak_slab":1,"minecraft:milk_bucket":1,"minecraft:pumpkin":31,"minecraft:dandelion":11,"minecraft:spruce_sapling":61,"minecraft:spruce_log":472,"minecraft:spruce_door":8,"minecraft:pumpkin_seeds":3,"minecraft:chainmail_leggings":1,"minecraft:iron_helmet":1,"iceandfire:ice_dragon_flesh":3,"minecraft:baked_potato":40,"projectvibrantjourneys:orange_bark_mushroom":2,"minecraft:coal":60,"variantvanillablocks:birch_chest":1,"minecraft:ender_pearl":1},"minecraft:crafted":{"minecraft:oak_planks":30,"minecraft:birch_slab":6,"minecraft:cooked_mutton":3,"cfm:spruce_table":4,"minecraft:glass":112,"handcrafted:birch_drawer":2,"minecraft:oak_fence":9,"minecraft:cooked_porkchop":11,"minecraft:crafting_table":2,"minecraft:spruce_planks":488,"minecraft:baked_potato":324,"minecraft:spruce_door":3,"minecraft:birch_planks":68,"minecraft:stick":100,"minecraft:iron_pickaxe":4,"handcrafted:birch_table":2,"minecraft:spruce_fence_gate":13,"minecraft:birch_stairs":4,"minecraft:furnace":3,"iceandfire:dragon_flute":1,"minecraft:spruce_fence":78,"minecraft:glass_pane":112,"variantvanillablocks:spruce_chest":4,"minecraft:spruce_stairs":260,"minecraft:iron_axe":4,"minecraft:spruce_wood":204,"minecraft:spruce_slab":6,"minecraft:iron_hoe":2,"minecraft:cobblestone_wall":6,"variantvanillablocks:birch_crafting_table":1,"minecraft:spruce_boat":1,"mcda:spelunker_armor_helmet":1,"minecraft:wheat":45,"minecraft:cooked_beef":11,"minecraft:sugar":36,"minecraft:spruce_sign":3,"minecraft:bread":47,"minecraft:air":0,"variantvanillablocks:birch_chest":4,"minecraft:iron_shovel":9,"minecraft:torch":84},"minecraft:mined":{"minecraft:spruce_planks":35,"minecraft:farmland":5,"minecraft:jungle_leaves":1,"minecraft:red_sand":30,"minecraft:grass_block":1071,"minecraft:spawner":3,"overweight_farming:overweight_potato_block":2,"minecraft:tall_seagrass":1,"handcrafted:birch_drawer":3,"minecraft:iron_ore":12,"projectvibrantjourneys:bark_mushroom":2,"minecraft:pumpkin":31,"minecraft:fletching_table":1,"minecraft:azure_bluet":2,"variantvanillablocks:spruce_chest":3,"minecraft:brown_bed":3,"minecraft:dirt_path":5,"minecraft:spruce_wood":30,"minecraft:player_head":1,"minecraft:spruce_slab":1,"projectvibrantjourneys:cattail":4,"minecraft:soul_lantern":7,"iceandfire:dragon_ice_spikes":48,"projectvibrantjourneys:twigs":10,"minecraft:poppy":9,"minecraft:spruce_wall_sign":1,"minecraft:glass":12,"minecraft:cobblestone":1,"minecraft:sugar_cane":20,"projectvibrantjourneys:fallen_leaves":14,"minecraft:oak_planks":1,"minecraft:wall_torch":2,"minecraft:seagrass":3,"minecraft:chain":5,"minecraft:cyan_wool":4,"minecraft:dark_oak_slab":1,"minecraft:birch_log":20,"minecraft:wheat":379,"projectvibrantjourneys:bones":2,"minecraft:stone_brick_stairs":1,"minecraft:grass":694,"minecraft:oak_log":7,"projectvibrantjourneys:short_grass":186,"minecraft:beetroots":157,"minecraft:sand":132,"variantvanillablocks:birch_chest":1,"minecraft:dirt":561,"minecraft:deepslate":172,"minecraft:oak_leaves":3,"minecraft:redstone_lamp":3,"minecraft:attached_pumpkin_stem":1,"minecraft:deepslate_diamond_ore":4,"minecraft:dark_oak_log":1,"projectvibrantjourneys:rocks":5,"gravestone:gravestone":13,"minecraft:ladder":1,"minecraft:spruce_fence":11,"iceandfire:frozen_splinters":20,"minecraft:spruce_leaves":30,"minecraft:red_mushroom":1,"minecraft:large_fern":6,"minecraft:hay_block":11,"minecraft:black_stained_glass_pane":3,"minecraft:furnace":1,"minecraft:carrots":113,"projectvibrantjourneys:orange_bark_mushroom":1,"minecraft:stripped_spruce_log":1,"minecraft:potatoes":170,"minecraft:lantern":30,"minecraft:potted_spruce_sapling":2,"minecraft:stone":415,"minecraft:scaffolding":3,"minecraft:redstone_block":3,"minecraft:glass_pane":14,"minecraft:spruce_door":8,"minecraft:dandelion":13,"minecraft:oak_fence":12,"minecraft:cornflower":4,"minecraft:rose_bush":4,"projectvibrantjourneys:mossy_rocks":2,"minecraft:tall_grass":233,"minecraft:copper_ore":8,"minecraft:deepslate_gold_ore":6,"minecraft:lily_pad":1,"minecraft:spruce_stairs":27,"minecraft:black_stained_glass":3,"minecraft:gray_wool":2,"minecraft:birch_planks":8,"minecraft:light_blue_bed":3,"minecraft:cobblestone_wall":1,"minecraft:spruce_log":461,"minecraft:birch_leaves":1,"gamma_beasts:thin_oak_log":50,"minecraft:coal_ore":60,"iceandfire:silver_pile":74,"minecraft:cobweb":2,"minecraft:spruce_fence_gate":5,"minecraft:stone_bricks":5,"projectvibrantjourneys:oak_hollow_log":7,"minecraft:fern":4},"minecraft:broken":{"minecraft:iron_shovel":7,"minecraft:iron_boots":1,"minecraft:iron_leggings":1,"minecraft:golden_hoe":1,"minecraft:iron_axe":2,"minecraft:iron_pickaxe":2},"minecraft:killed_by":{"farlanders:ender_golem":1,"iceandfire:ice_dragon":1,"minecraft:zombie":7,"iceandfire:fire_dragon":1,"minecraft:player":1}},"DataVersion":3465}