{"stats":{"minecraft:custom":{"minecraft:interact_with_crafting_table":211,"minecraft:open_barrel":338,"minecraft:bell_ring":3,"minecraft:leave_game":64,"minecraft:time_since_death":13139,"minecraft:play_time":3309281,"minecraft:deaths":62,"minecraft:jump":17412,"minecraft:enchant_item":13,"minecraft:interact_with_furnace":230,"minecraft:interact_with_cartography_table":3,"minecraft:sleep_in_bed":172,"minecraft:damage_dealt":144960,"minecraft:interact_with_smoker":31,"minecraft:horse_one_cm":3179,"minecraft:interact_with_smithing_table":18,"minecraft:interact_with_anvil":3,"minecraft:damage_dealt_absorbed":1049,"minecraft:sneak_time":18257,"minecraft:interact_with_lectern":1,"minecraft:interact_with_blast_furnace":30,"minecraft:total_world_time":3309281,"minecraft:interact_with_stonecutter":2,"minecraft:time_since_rest":13203,"minecraft:swim_one_cm":1141903,"minecraft:fly_one_cm":7697822,"minecraft:open_chest":2279,"minecraft:fish_caught":4,"minecraft:fall_one_cm":277507,"minecraft:animals_bred":179,"minecraft:damage_resisted":8,"minecraft:sprint_one_cm":25465732,"minecraft:drop":791,"minecraft:play_noteblock":2,"minecraft:talked_to_villager":15,"minecraft:interact_with_brewingstand":2,"minecraft:walk_on_water_one_cm":532957,"minecraft:interact_with_loom":2,"minecraft:player_kills":1,"minecraft:crouch_one_cm":7478,"minecraft:mob_kills":948,"minecraft:damage_dealt_resisted":6349,"minecraft:climb_one_cm":417735,"minecraft:walk_one_cm":21227883,"minecraft:raid_win":1,"minecraft:walk_under_water_one_cm":611829,"minecraft:boat_one_cm":784537,"minecraft:pot_flower":3,"minecraft:interact_with_grindstone":8,"minecraft:damage_absorbed":45,"minecraft:damage_taken":54505,"minecraft:trigger_trapped_chest":1},"minecraft:mined":{"minecraft:dark_oak_planks":1,"minecraft:potted_pink_tulip":1,"minecraft:white_bed":2,"minecraft:cherry_log":148,"minecraft:jungle_leaves":1,"minecraft:potted_crimson_fungus":1,"minecraft:obsidian":5,"minecraft:carved_pumpkin":1,"travelersbackpack:red_sleeping_bag":5,"minecraft:red_sand":32,"epicsamurai:silver_ore":1,"minecraft:jungle_log":7,"minecraft:light_gray_bed":3,"minecraft:deepslate_bricks":2,"minecraft:bamboo_block":2,"minecraft:oak_wall_sign":2,"minecraft:oxeye_daisy":2,"minecraft:spawner":54,"overweight_farming:overweight_potato_block":2,"minecraft:weeping_vines_plant":2,"minecraft:polished_blackstone_bricks":1,"minecraft:tall_seagrass":24,"minecraft:magma_block":2,"minecraft:cobbled_deepslate":2,"minecraft:barrel":1,"minecraft:fire":14,"mcwbridges:cherry_rope_bridge_stair":3,"twilightforest:twilight_oak_wood":197,"projectvibrantjourneys:bark_mushroom":2,"minecraft:pumpkin":37,"minecraft:deepslate_lapis_ore":15,"minecraft:fletching_table":2,"variantvanillablocks:spruce_chest":7,"minecraft:cave_vines":11,"minecraft:dirt_path":6,"minecraft:dead_tube_coral":1,"minecraft:pink_tulip":14,"farmersdelight:rice_panicles":98,"minecraft:spruce_wood":30,"minecraft:iron_block":1,"minecraft:blue_orchid":1,"mcwbridges:rope_cherry_bridge":22,"minecraft:player_head":1,"weapons_deluxe:deepslaterubiore":2,"handcrafted:cherry_dining_bench":3,"variantvanillablocks:cherry_crafting_table":1,"minecraft:brown_mushroom":1,"minecraft:red_bed":3,"minecraft:smoker":1,"ecologics:walnut_sapling":1,"minecraft:amethyst_cluster":1,"minecraft:torch":9,"the_pillager_legion_:legion_deep":7,"projectvibrantjourneys:twigs":16,"minecraft:polished_andesite_stairs":1,"minecraft:melon":13,"minecraft:dead_bush":9,"minecraft:spruce_wall_sign":1,"minecraft:polished_diorite_slab":1,"farmersdelight:cabbages":53,"minecraft:glass":17,"minecraft:sugar_cane":21,"projectvibrantjourneys:fallen_leaves":19,"pots_and_mimics:nether_treasure_pot":1,"minecraft:spruce_sign":4,"minecraft:amethyst_block":59,"minecraft:cherry_slab":24,"minecraft:chain":6,"minecraft:cyan_wool":4,"minecraft:cherry_fence":7,"twilightforest:cicada":2,"minecraft:wheat":505,"minecraft:lilac":1,"minecraft:pitcher_plant":2,"minecraft:stone_brick_stairs":2,"the_pillager_legion_:legion_cut_deep_2":1,"minecraft:grass":1833,"projectvibrantjourneys:short_grass":430,"minecraft:loom":1,"minecraft:smooth_quartz":2,"twilightforest:canopy_log":65,"minecraft:deepslate":204,"minecraft:attached_pumpkin_stem":1,"minecraft:yellow_terracotta":39,"minecraft:deepslate_tiles":4,"twilightforest:firefly":1,"iceandfire:silver_ore":3,"minecraft:brown_concrete":77,"minecraft:blue_stained_glass_pane":6,"minecraft:mossy_cobblestone":3,"farmersdelight:wild_carrots":8,"minecraft:cherry_sapling":4,"minecraft:dark_oak_log":5,"projectvibrantjourneys:rocks":9,"ecologics:azalea_flower":1,"minecraft:nether_bricks":4,"minecraft:dark_oak_fence":5,"minecraft:allium":7,"minecraft:spruce_fence":40,"born_in_chaos_v1:black_argillite":1,"iceandfire:frozen_grass":4,"the_pillager_legion_:legion_cut_deep_3":1,"weapons_deluxe:rubiore":5,"minecraft:moss_block":17,"minecraft:red_mushroom":6,"minecraft:cherry_wall_sign":1,"farmersdelight:wild_onions":9,"minecraft:black_stained_glass_pane":3,"minecraft:redstone_ore":2,"minecraft:jungle_sapling":1,"projectvibrantjourneys:orange_bark_mushroom":1,"minecraft:andesite":15,"twilightforest:twilight_oak_leaves":158,"minecraft:potatoes":302,"minecraft:vine":1,"minecraft:potted_spruce_sapling":2,"iceandfire:frost_lily":4,"iceandfire:podium_spruce":1,"minecraft:cherry_fence_gate":1,"minecraft:smithing_table":1,"minecraft:redstone_block":3,"epicsamurai:jade_ore":6,"minecraft:gray_concrete":5,"minecraft:glass_pane":25,"minecraft:soul_sand":11,"minecraft:cherry_planks":4,"minecraft:brown_stained_glass_pane":1,"minecraft:stone_brick_slab":3,"minecraft:dandelion":14,"gamma_beasts:abedul_hoja_1":1,"minecraft:cornflower":4,"projectvibrantjourneys:mossy_rocks":2,"minecraft:campfire":4,"minecraft:copper_ore":8,"minecraft:tall_grass":654,"minecraft:deepslate_gold_ore":18,"twilightforest:nagastone":1,"cfm:spruce_table":2,"minecraft:dried_kelp_block":3,"minecraft:black_stained_glass":3,"minecraft:coarse_dirt":1,"minecraft:light_blue_bed":4,"minecraft:stripped_spruce_wood":2,"minecraft:cobblestone_wall":3,"minecraft:cherry_wall_hanging_sign":1,"travelersbackpack:pig":1,"minecraft:spruce_log":493,"minecraft:birch_leaves":9,"variantvanillablocks:cherry_chest":4,"iceandfire:silver_pile":97,"minecraft:sunflower":1,"minecraft:dripstone_block":34,"minecraft:cobweb":94,"minecraft:spruce_fence_gate":5,"minecraft:stone_bricks":24,"minecraft:gold_ore":11,"minecraft:cherry_sign":6,"projectvibrantjourneys:oak_hollow_log":7,"minecraft:deepslate_emerald_ore":3,"minecraft:fern":6,"undergarden:wigglewood_leaves":1,"minecraft:spruce_planks":37,"minecraft:farmland":5,"minecraft:sculk_vein":1,"minecraft:cobblestone_stairs":1,"minecraft:cherry_trapdoor":5,"minecraft:cave_vines_plant":6,"travelersbackpack:iron_golem":2,"minecraft:grass_block":1203,"cozy_home:large_cherry_stump":3,"minecraft:white_concrete":148,"farmersdelight:budding_tomatoes":6,"handcrafted:birch_drawer":3,"minecraft:mossy_cobblestone_slab":1,"minecraft:iron_ore":237,"weapons_deluxe:deepslateplatinumore":2,"minecraft:anvil":4,"minecraft:brown_bed":5,"minecraft:azure_bluet":5,"minecraft:dark_oak_stairs":2,"minecraft:red_tulip":1,"minecraft:cherry_hanging_sign":1,"minecraft:iron_bars":21,"cozy_home:cherry_bench":6,"minecraft:azalea":2,"minecraft:polished_granite_stairs":3,"minecraft:spruce_slab":1,"epicsamurai:spirit_stone_base":1,"projectvibrantjourneys:cattail":9,"minecraft:deepslate_redstone_ore":15,"twilightforest:mangrove_leaves":9,"minecraft:blackstone":3,"minecraft:cyan_terracotta":19,"farmersdelight:organic_compost":5,"minecraft:soul_lantern":10,"minecraft:clay":13,"iceandfire:dragon_ice_spikes":110,"minecraft:calcite":7,"minecraft:poppy":9,"minecraft:chest":2,"iceandfire:frozen_dirt":2,"minecraft:nether_quartz_ore":33,"minecraft:cobblestone":13,"minecraft:honeycomb_block":14,"minecraft:oak_planks":13,"twilightforest:canopy_sapling":4,"minecraft:wall_torch":22,"minecraft:deepslate_copper_ore":1,"minecraft:pink_petals":54,"minecraft:seagrass":32,"minecraft:dark_oak_slab":1,"variantvanillablocks:spruce_smoker":1,"minecraft:birch_log":32,"epicsamurai:aquamarine_ore":4,"projectvibrantjourneys:bones":3,"minecraft:stripped_oak_wood":1,"travelersbackpack:pink_sleeping_bag":1,"born_in_chaos_v1:river_mint":1,"minecraft:smooth_stone_slab":2,"minecraft:oak_log":24,"minecraft:beetroots":257,"minecraft:dirt":672,"variantvanillablocks:birch_chest":2,"minecraft:sand":197,"minecraft:netherrack":68,"minecraft:oak_leaves":18,"minecraft:redstone_lamp":5,"minecraft:nether_gold_ore":10,"minecraft:tuff":2,"minecraft:red_carpet":7,"farmersdelight:onions":42,"minecraft:deepslate_diamond_ore":18,"minecraft:dark_oak_leaves":13,"minecraft:stripped_cherry_log":21,"iceandfire:frozen_cobblestone":2,"twilightforest:mangrove_root":1,"born_in_chaos_v1:infected_diamond_ore":11,"minecraft:ladder":1,"gravestone:gravestone":51,"epicsamurai:deepslate_ruby_ore":5,"iceandfire:frozen_splinters":20,"farmersdelight:tomatoes":8,"iceandfire:chared_dirt":1,"minecraft:spruce_leaves":74,"minecraft:large_fern":17,"minecraft:hay_block":85,"minecraft:oak_trapdoor":1,"minecraft:furnace":5,"minecraft:carrots":190,"handcrafted:cherry_shelf":3,"gamma_beasts:prehnite_ore":15,"minecraft:stripped_spruce_log":3,"cozy_home:cherry_desk":1,"minecraft:peony":3,"minecraft:nether_brick_fence":2,"minecraft:bookshelf":3,"minecraft:deepslate_iron_ore":103,"minecraft:lantern":31,"minecraft:stripped_oak_log":1,"minecraft:packed_ice":8,"minecraft:stone":909,"minecraft:cherry_stairs":9,"farmersdelight:cooking_pot":2,"minecraft:scaffolding":3,"minecraft:flowering_azalea":1,"born_in_chaos_v1:marigolds":3,"handcrafted:cherry_table":1,"minecraft:basalt":45,"minecraft:spruce_door":13,"minecraft:polished_granite":7,"minecraft:oak_fence":14,"minecraft:rose_bush":10,"minecraft:deepslate_coal_ore":30,"minecraft:lapis_ore":26,"minecraft:lily_pad":2,"minecraft:spruce_stairs":27,"minecraft:birch_planks":8,"gamma_beasts:abedul_hojas":2,"minecraft:gray_wool":2,"minecraft:cactus":12,"minecraft:ice":16,"iceandfire:ash":13,"cfm:blue_sofa":2,"gamma_beasts:thin_oak_log":51,"elevatorid:elevator_white":6,"minecraft:coal_ore":694,"ecologics:hanging_coconut":1,"minecraft:cyan_carpet":2,"minecraft:cracked_stone_bricks":1,"minecraft:polished_andesite":6,"minecraft:mossy_stone_bricks":11,"pots_and_mimics:treasure_pot":10},"minecraft:picked_up":{"cfm:blue_sofa":4,"gamma_beasts:thin_oak_log":44,"minecraft:iron_chestplate":2,"minecraft:anvil":4,"minecraft:flower_pot":4,"minecraft:prismarine_shard":8,"minecraft:smithing_table":1,"minecraft:lead":1,"minecraft:diamond_sword":1,"farmersdelight:rice_panicle":94,"minecraft:brown_bed":5,"minecraft:enchanted_book":2,"bloodandmadness:weapons/hunting_axe":2,"minecraft:golden_sword":2,"minecraft:amethyst_block":66,"minecraft:string":155,"iceandfire:dragonbone_pickaxe":2,"mcwbridges:cherry_rope_bridge_stair":3,"minecraft:beetroot":242,"minecraft:cherry_boat":7,"minecraft:gold_nugget":60,"minecraft:cobbled_deepslate":185,"minecraft:spruce_planks":42,"variantvanillablocks:cherry_chest":6,"minecraft:written_book":4,"hangglider:hang_glider":2,"minecraft:melon_slice":64,"minecraft:beehive":2,"born_in_chaos_v1:shattered_skull":2,"minecraft:composter":1,"twilightforest:cracked_etched_nagastone":1,"minecraft:honeycomb_block":14,"iceandfire:armor_bronze_chestplate":1,"minecraft:cherry_log":188,"minecraft:stone_sword":2,"minecraft:bamboo_block":4,"minecraft:light_gray_bed":3,"minecraft:tropical_fish":11,"farmersdelight:onion":159,"iceandfire:fire_dragon_heart":4,"minecraft:iron_block":1,"minecraft:red_tulip":1,"minecraft:carved_pumpkin":1,"minecraft:cyan_terracotta":16,"farmersdelight:rope":6,"gamma_beasts:coal_nugget":247,"projectvibrantjourneys:cattail":12,"supplementaries:ash":12,"minecraft:blaze_rod":4,"minecraft:iron_bars":21,"minecraft:snowball":15,"minecraft:magma_block":1,"cozy_home:large_cherry_stump":3,"minecraft:birch_log":29,"travelersbackpack:iron_golem":11,"minecraft:mossy_cobblestone_slab":1,"minecraft:feather":54,"minecraft:cooked_beef":2,"farmersdelight:rice":11,"minecraft:iron_door":1,"minecraft:water_bucket":4,"minecraft:jungle_log":11,"minecraft:smoker":1,"uniquedungeons:climbing_hook_item":3,"minecraft:flint":6,"minecraft:stripped_spruce_wood":1,"minecraft:cherry_fence":7,"farmersdelight:tomato":93,"minecraft:lantern":30,"born_in_chaos_v1:marigolds":3,"farmersdelight:mutton_chops":22,"twilightforest:canopy_sapling":35,"minecraft:gray_terracotta":5,"soul_like_armors_reworked:dark_knight_helmet":5,"minecraft:dark_oak_sign":3,"soul_like_armors_reworked:rustysteel_boots":9,"farmersdelight:egg_sandwich":1,"minecraft:diamond_helmet":2,"minecraft:moss_block":1,"epicsamurai:raw_silver":1,"iceandfire:dragonscales_sapphire":10,"iceandfire:dragon_skull_fire":4,"twilightforest:canopy_log":128,"soul_like_armors_reworked:dark_knight_leggings":4,"minecraft:stripped_spruce_log":3,"iceandfire:stymphalian_bird_feather":6,"minecraft:loom":1,"minecraft:dark_oak_log":10,"minecraft:barrel":3,"minecraft:iron_hoe":1,"minecraft:polished_andesite":12,"twilightforest:canopy_planks":1,"minecraft:deepslate":10,"minecraft:writable_book":1,"minecraft:cherry_hanging_sign":2,"aquamirae:cooked_spinefish":1,"weapons_deluxe:rawplatinum":2,"iceandfire:dragonbone_bow":2,"minecraft:bread":5,"alexsmobs:maggot":5,"born_in_chaos_v1:rotten_fish":2,"epicsamurai:ruby":5,"minecraft:cherry_slab":35,"minecraft:dark_oak_fence":5,"minecraft:bricks":1,"iceandfire:raw_silver":3,"minecraft:coarse_dirt":3,"handcrafted:cherry_table":1,"variantvanillablocks:cherry_crafting_table":1,"iceandfire:witherbone":18,"bloodandmadness:twin_blood_stone_shards":1,"minecraft:clay_ball":101,"born_in_chaos_v1:seedof_chaos":6,"minecraft:leather_leggings":1,"minecraft:redstone_lamp":6,"minecraft:stripped_cherry_log":20,"alexsmobs:froststalker_horn":3,"gravestone:obituary":16,"minecraft:cornflower":4,"iceandfire:frozen_grass":3,"minecraft:red_bed":3,"iceandfire:frozen_splinters":49,"born_in_chaos_v1:intoxicating_decoction":6,"epicsamurai:jade":6,"minecraft:iron_shovel":1,"travelersbackpack:pig":5,"iceandfire:bestiary":1,"handcrafted:cherry_shelf":3,"minecraft:cracked_stone_bricks":3,"minecraft:beef":140,"born_in_chaos_v1:gnawed_bones":1,"minecraft:cyan_wool":2,"twilightforest:naga_scale":5,"minecraft:jungle_sapling":4,"minecraft:poppy":11,"minecraft:spruce_slab":19,"minecraft:chest":3,"minecraft:birch_sapling":4,"minecraft:piston":1,"minecraft:egg":492,"minecraft:spruce_fence":44,"farmersdelight:tomato_seeds":20,"born_in_chaos_v1:pieceofdarkmetal":3,"minecraft:carrot":644,"minecraft:redstone":77,"twilightforest:firefly":2,"minecraft:chicken_spawn_egg":1,"iceandfire:dragon_skull_ice":8,"minecraft:polished_granite_stairs":3,"minecraft:stone_shovel":1,"minecraft:cooked_cod":1,"twilightforest:cicada":2,"minecraft:beetroot_seeds":670,"minecraft:peony":36,"handcrafted:cherry_dining_bench":3,"minecraft:hay_block":81,"minecraft:yellow_terracotta":39,"born_in_chaos_v1:spiny_shell":1,"minecraft:gold_ingot":12,"twilightforest:magic_map_focus":1,"bloodandmadness:weapons/church_scythe":1,"minecraft:glow_berries":3,"minecraft:mutton":71,"minecraft:white_wool":93,"minecraft:oxeye_daisy":2,"minecraft:stripped_oak_log":1,"born_in_chaos_v1:monster_flesh":5,"projectvibrantjourneys:icicle":4,"soul_like_armors_reworked:darkknighttrident":1,"minecraft:red_mushroom":5,"minecraft:acacia_wood":4,"minecraft:brown_concrete":74,"minecraft:oak_log":27,"iceandfire:armor_bronze_leggings":1,"minecraft:lily_pad":38,"iceandfire:dragonscales_blue":23,"minecraft:paper":134,"soul_like_armors_reworked:blackkatana":1,"minecraft:white_banner":3,"farmersdelight:organic_compost":5,"twilightforest:raw_venison":5,"minecraft:apple":1,"minecraft:stone_bricks":22,"farmersdelight:cooking_pot":2,"minecraft:kelp":64,"minecraft:stone_pickaxe":2,"the_pillager_legion_:legion_cut_deep_3":1,"minecraft:cherry_sign":6,"weapons_deluxe:rubigem":7,"iceandfire:armor_white_helmet":1,"epicsamurai:aquamarine":4,"minecraft:flowering_azalea":1,"elevatorid:elevator_white":6,"minecraft:polished_andesite_stairs":5,"minecraft:dark_oak_slab":3,"minecraft:milk_bucket":1,"iceandfire:armor_bronze_helmet":1,"minecraft:sweet_berries":5,"born_in_chaos_v1:orbofthe_summoner":1,"born_in_chaos_v1:ethereal_spirit":6,"minecraft:spruce_sapling":83,"minecraft:spruce_log":535,"soul_like_armors_reworked:rustysteelmace":5,"travelersbackpack:wolf":3,"minecraft:slime_ball":2,"minecraft:stone_axe":1,"minecraft:scute":2,"minecraft:painting":44,"iceandfire:ice_dragon_flesh":18,"cfm:spruce_table":2,"minecraft:baked_potato":43,"projectvibrantjourneys:orange_bark_mushroom":8,"projectvibrantjourneys:twigs":1,"minecraft:ender_pearl":10,"minecraft:nether_brick_fence":3,"minecraft:wheat":429,"minecraft:redstone_block":3,"gamma_beasts:fur":3,"minecraft:stone_brick_stairs":3,"born_in_chaos_v1:black_argillite":1,"soul_like_armors_reworked:rustysteel_chestplate":9,"minecraft:raw_copper":27,"minecraft:iron_leggings":3,"minecraft:armor_stand":3,"minecraft:experience_bottle":3,"minecraft:oak_sign":2,"minecraft:sea_pickle":3,"minecraft:deepslate_tiles":2,"minecraft:red_sand":32,"minecraft:smooth_stone":1,"minecraft:bucket":1,"farmersdelight:cabbage":47,"iceandfire:frost_lily":4,"minecraft:rose_bush":7,"minecraft:calcite":6,"minecraft:azalea":7,"minecraft:wooden_shovel":1,"minecraft:iron_pickaxe":2,"iceandfire:armor_bronze_boots":1,"iceandfire:dragonscales_red":16,"farmersdelight:cabbage_seeds":133,"minecraft:iron_boots":1,"minecraft:furnace":5,"minecraft:tipped_arrow":4,"minecraft:stick":173,"ecologics:walnut_log":1,"farmersdelight:rotten_tomato":2,"minecraft:oak_fence":15,"minecraft:torch":46,"iceandfire:dragonscales_white":66,"minecraft:spruce_stairs":31,"epicfight:skillbook":19,"oresabovediamonds:amethyst_sword":3,"minecraft:porkchop":80,"iceandfire:rotten_egg":19,"minecraft:pointed_dripstone":1,"minecraft:cactus":136,"minecraft:rotten_flesh":72,"farmersdelight:raw_pasta":15,"minecraft:obsidian":10,"bloodandmadness:blood_stone_shard":8,"minecraft:cod":4,"minecraft:cobblestone":743,"minecraft:nautilus_shell":1,"minecraft:pink_petals":115,"epicfight:stone_spear":3,"minecraft:lilac":26,"minecraft:cherry_planks":4,"twilightforest:twilight_oak_wood":59,"projectvibrantjourneys:fallen_leaves":38,"cozy_home:cherry_bench":6,"gamma_beasts:prehnite":15,"minecraft:potato":1019,"alexsmobs:bear_fur":2,"minecraft:light_gray_dye":1,"minecraft:tuff":1,"gamma_beasts:oak_leaf":53,"supplementaries:flax_seeds":1,"minecraft:horn_coral":1,"projectvibrantjourneys:rocks":2,"minecraft:lapis_lazuli":225,"minecraft:dirt":1855,"iceandfire:dragonscales_bronze":35,"minecraft:polished_granite":7,"minecraft:name_tag":2,"born_in_chaos_v1:monster_skin":5,"minecraft:glass":8,"minecraft:bone":213,"minecraft:bow":9,"minecraft:wheat_seeds":1661,"minecraft:deepslate_brick_slab":1,"minecraft:raw_gold":34,"minecraft:bell":1,"minecraft:mossy_stone_bricks":10,"minecraft:fletching_table":2,"alexsmobs:blobfish":1,"minecraft:oak_planks":6,"handcrafted:birch_drawer":3,"minecraft:ghast_tear":1,"minecraft:cooked_porkchop":3,"overweight_farming:overweight_potato_block":2,"minecraft:poisonous_potato":4,"minecraft:sand":286,"minecraft:grass_block":1,"minecraft:cyan_bed":1,"minecraft:diamond_block":3,"iceandfire:podium_dark_oak":1,"iceandfire:frozen_dirt":1,"minecraft:mossy_cobblestone":2,"twilightforest:mossy_etched_nagastone":2,"minecraft:spruce_fence_gate":8,"soul_like_armors_reworked:dark_knight_boots":6,"twilightforest:twilight_oak_sapling":18,"minecraft:diamond":28,"minecraft:soul_lantern":10,"minecraft:crossbow":1,"minecraft:bone_meal":20,"minecraft:grass":21,"minecraft:golden_apple":2,"minecraft:white_concrete":131,"alexsmobs:moose_ribs":3,"minecraft:spruce_sign":5,"minecraft:emerald":18,"minecraft:parrot_spawn_egg":1,"minecraft:oak_sapling":10,"minecraft:netherrack":64,"iceandfire:silver_nugget":1066,"minecraft:charcoal":10,"born_in_chaos_v1:diamond_termite_shard":18,"minecraft:allium":30,"minecraft:azure_bluet":6,"minecraft:chicken":53,"born_in_chaos_v1:river_mint":1,"minecraft:brown_mushroom":6,"soul_like_armors_reworked:darkknightsword":8,"twilightforest:nagastone":1,"minecraft:chain":8,"minecraft:brick":31,"travelersbackpack:pink_sleeping_bag":1,"minecraft:oak_trapdoor":1,"minecraft:moss_carpet":28,"minecraft:iron_axe":4,"mcdw:bow_love_spell_bow":1,"alexscaves:cooked_tripodfish":1,"farlanders:ender_horn":6,"minecraft:item_frame":5,"takesapillage:ravager_horn":1,"minecraft:cyan_carpet":3,"minecraft:blackstone":2,"ecologics:walnut_sapling":4,"bloodandmadness:blood_vial":27,"travelersbackpack:horse":6,"ecologics:azalea_flower":1,"minecraft:oak_boat":2,"minecraft:player_head":1,"minecraft:sugar_cane":43,"minecraft:cherry_trapdoor":6,"bloodandmadness:weapons/lit_torch":1,"iceandfire:ice_dragon_heart":4,"minecraft:dark_oak_sapling":1,"minecraft:raw_iron":342,"iceandfire:dragonbone":147,"minecraft:cherry_stairs":8,"gamma_beasts:dark_oak_leaf":2,"ecologics:coconut_slice":4,"minecraft:copper_ingot":5,"projectvibrantjourneys:bark_mushroom":13,"minecraft:bowl":32,"minecraft:note_block":1,"minecraft:polished_blackstone_bricks":1,"minecraft:cookie":1,"soul_like_armors_reworked:rustysteel_helmet":5,"minecraft:light_blue_bed":4,"minecraft:dark_oak_planks":18,"bloodandmadness:beastblood_clump":6,"minecraft:cherry_fence_gate":1,"soul_like_armors_reworked:estusflask":145,"minecraft:arrow":77,"minecraft:nether_bricks":4,"twilightforest:etched_nagastone":2,"variantvanillablocks:spruce_chest":7,"bloodandmadness:sanguisteel_nugget":6,"minecraft:pink_tulip":25,"minecraft:skeleton_skull":4,"iceandfire:spawn_egg_hippocampus":1,"born_in_chaos_v1:fused_bone":2,"born_in_chaos_v1:corpse_maggot":24,"the_pillager_legion_:legion_cut_deep_2":1,"cozy_home:cherry_desk":1,"minecraft:basalt":46,"mcwbridges:rope_cherry_bridge":21,"minecraft:glow_ink_sac":18,"minecraft:salmon":6,"minecraft:leather":53,"minecraft:birch_planks":13,"simplyswords:iron_claymore":2,"minecraft:crimson_fungus":2,"gamma_beasts:green_apple":42,"minecraft:chainmail_chestplate":1,"farlanders:looter_hood":1,"minecraft:cobblestone_wall":10,"iceandfire:dragonegg_gray":1,"minecraft:gunpowder":24,"minecraft:red_carpet":8,"soul_like_armors_reworked:rustyshield":3,"minecraft:gray_carpet":8,"minecraft:rabbit_hide":1,"minecraft:spruce_wood":30,"minecraft:iron_ingot":60,"minecraft:stripped_oak_wood":1,"the_pillager_legion_:legion_deep":5,"minecraft:soul_sand":10,"minecraft:polished_andesite_slab":2,"iceandfire:fire_dragon_flesh":28,"minecraft:book":38,"projectvibrantjourneys:light_brown_bark_mushroom":19,"minecraft:scaffolding":3,"minecraft:birch_boat":7,"minecraft:pitcher_plant":1,"minecraft:pumpkin":35,"minecraft:stone_brick_slab":1,"iceandfire:ash":15,"minecraft:quartz":33,"minecraft:dandelion":14,"minecraft:dripstone_block":34,"born_in_chaos_v1:dark_rod":2,"variantvanillablocks:spruce_smoker":1,"minecraft:amethyst_shard":2,"minecraft:white_bed":2,"minecraft:spruce_door":15,"minecraft:mossy_stone_brick_slab":1,"minecraft:spider_eye":20,"minecraft:brick_slab":1,"alexsmobs:raw_catfish":1,"minecraft:pumpkin_seeds":3,"minecraft:dried_kelp_block":3,"soul_like_armors_reworked:dark_knight_chestplate":4,"minecraft:chainmail_leggings":1,"minecraft:iron_helmet":3,"minecraft:cherry_sapling":104,"soul_like_armors_reworked:rustysteel_leggings":3,"minecraft:coal":799,"variantvanillablocks:birch_chest":2,"minecraft:sunflower":1},"minecraft:killed_by":{"born_in_chaos_v1:nightmare_stalker":1,"twilightforest:death_tome":1,"minecraft:vindicator":1,"farlanders:ender_golem":1,"minecraft:zombie":10,"minecraft:vex":2,"minecraft:husk":1,"alexsmobs:centipede_head":1,"minecraft:wither_skeleton":1,"iceandfire:cyclops":1,"born_in_chaos_v1:bone_imp_minion":1,"minecraft:drowned":1,"iceandfire:stymphalian_bird":1,"iceandfire:sea_serpent":3,"the_pillager_legion_:veteran_infantryman_tpl":1,"iceandfire:ice_dragon":7,"iceandfire:fire_dragon":2,"minecraft:illusioner":2,"minecraft:player":1,"born_in_chaos_v1:decaying_zombie":2,"minecraft:skeleton":2},"minecraft:used":{"minecraft:peony":12,"minecraft:beetroot":11,"minecraft:writable_book":1,"minecraft:ladder":58,"minecraft:spruce_slab":10,"farmersdelight:cabbage_seeds":64,"iceandfire:dragon_skull_ice":1,"minecraft:poppy":7,"minecraft:chest":2,"soul_like_armors_reworked:darkknightsword":21,"twilightforest:canopy_sapling":35,"minecraft:rotten_flesh":7,"simplyswords:diamond_rapier":145,"farmersdelight:steak_and_potatoes":1,"iceandfire:spawn_egg_hippocampus":1,"minecraft:spruce_boat":1,"minecraft:jungle_sapling":2,"farmersdelight:fried_rice":4,"farmersdelight:rotten_tomato":1,"variantvanillablocks:cherry_crafting_table":2,"mcwbridges:cherry_rope_bridge_stair":6,"minecraft:egg":26,"minecraft:bow":144,"minecraft:furnace":9,"minecraft:sweet_berries":1,"minecraft:potato":352,"farmersdelight:beef_stew":6,"projectvibrantjourneys:rocks":1,"projectvibrantjourneys:light_brown_bark_mushroom":1,"minecraft:spruce_door":9,"minecraft:lily_pad":4,"minecraft:blackstone":1,"minecraft:composter":1,"minecraft:parrot_spawn_egg":1,"minecraft:glow_berries":1,"elevatorid:elevator_white":8,"minecraft:golden_apple":3,"minecraft:sand":45,"astikorcarts:plow":1,"iceandfire:frozen_splinters":3,"farmersdelight:rice":34,"handcrafted:birch_drawer":5,"soul_like_armors_reworked:rustysteel_boots":1,"cfm:spruce_table":3,"minecraft:pumpkin_seeds":5,"minecraft:cherry_hanging_sign":4,"twilightforest:time_sapling":1,"minecraft:polished_granite":2,"minecraft:cherry_sign":15,"cfm:spruce_mail_box":1,"minecraft:soul_lantern":5,"minecraft:white_stained_glass":41,"minecraft:oak_boat":4,"cozy_home:cherry_bench":10,"undergarden:grongle_sapling":1,"ecologics:walnut_log":1,"minecraft:armor_stand":1,"oresabovediamonds:amethyst_sword":2400,"mcwbridges:rope_cherry_bridge":30,"minecraft:torch":707,"minecraft:stick":1,"minecraft:wheat":4,"variantvanillablocks:spruce_smoker":3,"soul_like_armors_reworked:dagger":170,"projectvibrantjourneys:fallen_leaves":8,"minecraft:iron_axe":1575,"minecraft:cherry_slab":29,"minecraft:chicken_spawn_egg":1,"minecraft:cherry_fence_gate":1,"minecraft:melon_seeds":6,"minecraft:basalt":3,"overweight_farming:overweight_potato_block":1,"farmersdelight:tomato_seeds":26,"minecraft:cobbled_deepslate":5,"ecologics:coconut_seedling":1,"farmersdelight:cooking_pot":4,"minecraft:cherry_fence":34,"minecraft:cherry_log":80,"minecraft:wheat_seeds":528,"minecraft:water_bucket":41,"minecraft:birch_planks":20,"variantvanillablocks:cherry_chest":12,"minecraft:cherry_planks":67,"minecraft:fletching_table":1,"minecraft:spruce_fence_gate":16,"twilightforest:twilight_oak_sapling":4,"minecraft:diamond_block":3,"minecraft:red_bed":3,"minecraft:crafting_table":2,"minecraft:white_bed":3,"minecraft:campfire":2,"minecraft:spruce_log":146,"minecraft:diamond_pickaxe":2,"gamma_beasts:fried_egg":66,"projectvibrantjourneys:twigs":1,"minecraft:iron_pickaxe":2583,"born_in_chaos_v1:staffofthe_summoner":3,"soul_like_armors_reworked:dark_knight_helmet":18,"minecraft:spruce_sapling":22,"minecraft:pink_bed":2,"minecraft:cobblestone":87,"cfm:pink_sofa":2,"farmersdelight:egg_sandwich":40,"minecraft:cooked_porkchop":31,"minecraft:glass_pane":102,"minecraft:dandelion":10,"twilightforest:cicada":1,"ecologics:azalea_flower":1,"minecraft:cherry_sapling":78,"travelersbackpack:horse":20,"handcrafted:birch_table":2,"minecraft:iron_shovel":2062,"minecraft:red_sand":20,"minecraft:iron_sword":9,"minecraft:bell":1,"minecraft:grass":13,"gamma_beasts:thin_oak_log":5,"travelersbackpack:pig":19,"minecraft:carrot":254,"twilightforest:hollow_oak_sapling":1,"minecraft:beehive":2,"minecraft:milk_bucket":3,"minecraft:glass":142,"handcrafted:cherry_shelf":5,"minecraft:spruce_wood":151,"minecraft:lantern":16,"handcrafted:cherry_dining_bench":5,"minecraft:light_blue_bed":3,"minecraft:stone_bricks":3,"minecraft:honeycomb_block":14,"minecraft:red_carpet":1,"minecraft:redstone_lamp":4,"minecraft:hay_block":48,"minecraft:written_book":3,"minecraft:scaffolding":3,"minecraft:beetroot_seeds":253,"minecraft:large_fern":1,"iceandfire:armor_bronze_boots":1,"farmersdelight:chicken_soup":5,"epicfight:skillbook":6,"minecraft:stone_pickaxe":12,"cozy_home:large_cherry_stump":5,"travelersbackpack:iron_golem":46,"minecraft:redstone_block":3,"minecraft:sugar_cane":3,"variantvanillablocks:birch_chest":8,"minecraft:golden_hoe":32,"undergarden:wigglewood_sapling":1,"farmersdelight:pasta_with_mutton_chop":6,"minecraft:black_bed":1,"minecraft:dripstone_block":9,"minecraft:shears":10,"iceandfire:dragonbone_sword":95,"cfm:blue_sofa":2,"minecraft:melon_slice":28,"minecraft:bread":111,"minecraft:cyan_bed":1,"mcdw:bow_love_spell_bow":153,"minecraft:iron_door":1,"ecologics:coconut_slice":2,"variantvanillablocks:spruce_chest":10,"born_in_chaos_v1:river_mint":1,"minecraft:chain":3,"minecraft:stripped_cherry_log":2,"minecraft:white_concrete":48,"minecraft:bone_meal":11,"handcrafted:cherry_table":3,"minecraft:cobweb":26,"minecraft:experience_bottle":13,"minecraft:oak_fence":18,"minecraft:cherry_boat":11,"bloodandmadness:weapons/church_scythe":2,"minecraft:rose_bush":4,"minecraft:stone_shovel":62,"minecraft:spruce_planks":88,"gamma_beasts:green_apple":36,"soul_like_armors_reworked:estusflask":64,"minecraft:cooked_chicken":2,"minecraft:dirt":681,"alexscaves:ancient_sapling":1,"minecraft:spruce_stairs":158,"projectvibrantjourneys:bark_mushroom":3,"minecraft:cobblestone_wall":39,"minecraft:spruce_fence":97,"minecraft:iron_hoe":338,"minecraft:cherry_trapdoor":18,"minecraft:golden_carrot":2,"minecraft:pitcher_plant":1,"projectvibrantjourneys:cattail":2,"the_pillager_legion_:legion_deep":2,"mcda:spelunker_armor_helmet":19,"minecraft:cooked_beef":44,"iceandfire:dragonbone_pickaxe":1154,"minecraft:light_gray_bed":2,"minecraft:pumpkin":4,"minecraft:brown_bed":5,"minecraft:cooked_mutton":31,"minecraft:pink_tulip":10,"minecraft:polished_andesite":6,"minecraft:baked_potato":608,"minecraft:spruce_sign":5,"minecraft:birch_boat":6,"ecologics:walnut_sapling":2,"farmersdelight:onion":62,"twilightforest:canopy_log":2,"travelersbackpack:pink_sleeping_bag":1,"variantvanillablocks:birch_crafting_table":1,"minecraft:bamboo_block":4,"soul_like_armors_reworked:blackkatana":1375,"minecraft:painting":11,"minecraft:smoker":1,"minecraft:flower_pot":3,"cozy_home:cherry_desk":2,"minecraft:apple":19,"minecraft:cherry_door":5,"twilightforest:firefly":2,"iceandfire:dragonbone_bow":360,"minecraft:chicken":4,"twilightforest:mangrove_sapling":1,"minecraft:fishing_rod":8,"twilightforest:twilight_oak_wood":4,"minecraft:cherry_stairs":21,"minecraft:bucket":41,"minecraft:splash_potion":1},"minecraft:killed":{"minecraft:cave_spider":8,"born_in_chaos_v1:restless_spirit":3,"born_in_chaos_v1:zombie_lumberjack":3,"farlanders:fanmade_enderman":3,"born_in_chaos_v1:siamese_skeletonsright":1,"creeperoverhaul:dripstone_creeper":1,"born_in_chaos_v1:baby_skeleton_minion":6,"minecraft:skeleton":107,"bloodandmadness:beast_patient":15,"minecraft:chicken":46,"born_in_chaos_v1:skeleton_thrasher":2,"alexsmobs:straddler":1,"alexsmobs:centipede_head":1,"minecraft:tropical_fish":3,"minecraft:magma_cube":9,"minecraft:salmon":5,"minecraft:pillager":15,"minecraft:zombie":135,"born_in_chaos_v1:corpse_fly":3,"minecraft:glow_squid":2,"takesapillage:archer":3,"minecraft:cow":47,"twilightforest:deer":2,"bloodandmadness:cloaked_beast_patient":3,"minecraft:vindicator":10,"born_in_chaos_v1:skeleton_thrasher_not_despawn":1,"born_in_chaos_v1:firelight":1,"twilightforest:death_tome":13,"alexsmobs:tusklin":4,"farlanders:classic_enderman":2,"born_in_chaos_v1:barrel_zombie":3,"minecraft:husk":17,"born_in_chaos_v1:bone_imp_minion":4,"iceandfire:cyclops":1,"twilightforest:kobold":3,"minecraft:ravager":1,"born_in_chaos_v1:decrepit_skeleton":11,"alexsmobs:catfish":1,"born_in_chaos_v1:bloody_gadfly":5,"iceandfire:ghost":1,"born_in_chaos_v1:dark_vortex":1,"iceandfire:ice_dragon":1,"the_pillager_legion_:infantryman_tpl":5,"minecraft:enderman":7,"born_in_chaos_v1:zombie_clown":4,"minecraft:zombified_piglin":6,"minecraft:witch":3,"minecraft:spider":37,"endermanoverhaul:dark_oak_enderman":1,"alexsmobs:froststalker":5,"minecraft:illusioner":1,"gamma_beasts:diamond_golem_c":2,"farlanders:farlander":2,"epicsamurai:enenra":1,"minecraft:piglin":2,"minecraft:pig":28,"alexsmobs:grizzly_bear":1,"born_in_chaos_v1:diamond_termite":16,"minecraft:zombie_villager":3,"alexsmobs:stradpole":3,"minecraft:creeper":13,"minecraft:sheep":41,"born_in_chaos_v1:dread_hound":5,"minecraft:stray":14,"minecraft:blaze":19,"born_in_chaos_v1:siamese_skeletonsleft":1,"alexsmobs:bone_serpent":1,"bloodandmadness:church_doctor":5,"born_in_chaos_v1:zombie_bruiser":1,"born_in_chaos_v1:maggot":36,"twilightforest:naga":1,"iceandfire:fire_dragon":3,"farlanders:mystic_enderminion":1,"bloodandmadness:church_doctor_scythe":1,"bloodandmadness:huntsman_axe":8,"alexsmobs:bison":4,"minecraft:drowned":61,"born_in_chaos_v1:corpse_fish":9,"farlanders:looter":3,"born_in_chaos_v1:baby_skeleton":2,"born_in_chaos_v1:swarmer":1,"takesapillage:skirmisher":2,"farlanders:ender_golem":3,"the_pillager_legion_:veteran_infantryman_tpl":8,"gamma_beasts:diamond_golem_a":3,"born_in_chaos_v1:decaying_zombie":1,"born_in_chaos_v1:bonescaller_not_despawn":1,"alexsmobs:moose":2,"alexsmobs:crow":2,"minecraft:wither_skeleton":39,"minecraft:player":1},"minecraft:crafted":{"minecraft:black_dye":4,"minecraft:pink_bed":2,"minecraft:birch_slab":6,"variantvanillablocks:cherry_chest":10,"minecraft:cooked_mutton":50,"cfm:spruce_table":4,"minecraft:glass":220,"minecraft:diamond_leggings":1,"astikorcarts:plow":1,"minecraft:melon_seeds":31,"iceandfire:dragonbone_arrow":5,"astikorcarts:wheel":2,"minecraft:black_wool":3,"minecraft:magenta_dye":12,"cfm:spruce_mail_box":1,"minecraft:wooden_shovel":2,"cfm:pink_sofa":2,"soul_like_armors_reworked:blackkatana":1,"minecraft:cooked_porkchop":60,"handcrafted:cherry_shelf":2,"travelersbackpack:standard":1,"farmersdelight:egg_sandwich":40,"minecraft:spruce_door":3,"handcrafted:cherry_table":2,"mcdw:bow_love_spell_bow":1,"iceandfire:wither_shard":3,"minecraft:campfire":2,"gamma_beasts:fried_egg":183,"farmersdelight:wheat_dough":15,"minecraft:cherry_sign":9,"iceandfire:armor_white_helmet":1,"minecraft:iron_pickaxe":11,"iceandfire:armor_white_chestplate":1,"handcrafted:birch_table":2,"minecraft:light_gray_dye":1,"farmersdelight:stuffed_potato":8,"minecraft:spruce_fence_gate":13,"minecraft:birch_stairs":4,"mcwbridges:rope_cherry_bridge":20,"minecraft:magenta_wool":5,"variantvanillablocks:spruce_smoker":2,"travelersbackpack:pig":1,"iceandfire:dragon_flute":1,"minecraft:bone_meal":3,"cfm:spruce_upgraded_fence":12,"minecraft:pink_dye":57,"minecraft:spruce_fence":78,"travelersbackpack:blank_upgrade":4,"travelersbackpack:gold_tier_upgrade":1,"minecraft:cherry_trapdoor":14,"minecraft:diamond":2,"minecraft:spruce_stairs":260,"minecraft:ladder":102,"minecraft:spruce_slab":12,"minecraft:cherry_stairs":104,"farmersdelight:rice":63,"minecraft:diamond_boots":1,"twilightforest:canopy_planks":124,"variantvanillablocks:birch_crafting_table":1,"minecraft:spruce_boat":1,"mcwbridges:cherry_rope_bridge_stair":6,"minecraft:dark_oak_planks":8,"minecraft:wheat":288,"iceandfire:dragonbone_sword":2,"handcrafted:cherry_dining_bench":2,"farmersdelight:cooking_pot":2,"travelersbackpack:horse":2,"variantvanillablocks:cherry_crafting_table":1,"epicsamurai:cloth":8,"minecraft:white_stained_glass":56,"cozy_home:oak_plank":8,"supplementaries:bubble_blower":1,"minecraft:iron_shovel":9,"minecraft:iron_leggings":4,"minecraft:white_bed":1,"cozy_home:cherry_bench":4,"minecraft:cherry_hanging_sign":6,"minecraft:brick":13,"minecraft:oak_planks":98,"minecraft:cherry_slab":48,"minecraft:cooked_chicken":47,"minecraft:cherry_boat":5,"travelersbackpack:pink_sleeping_bag":1,"soul_like_armors_reworked:kata_sword":1,"twilightforest:cooked_venison":5,"minecraft:iron_boots":3,"cozy_home:large_cherry_stump":4,"farmersdelight:tomato_sauce":8,"minecraft:chest":5,"handcrafted:birch_drawer":2,"minecraft:oak_fence":9,"minecraft:cherry_fence":33,"travelersbackpack:iron_tier_upgrade":1,"minecraft:arrow":80,"minecraft:crafting_table":2,"mcdw:bow_shortbow":1,"minecraft:spruce_planks":576,"minecraft:baked_potato":756,"minecraft:birch_planks":116,"iceandfire:dragonbone_bow":2,"farmersdelight:fried_egg":79,"born_in_chaos_v1:staffofthe_summoner":1,"travelersbackpack:wolf":2,"minecraft:iron_chestplate":1,"minecraft:diamond_pickaxe":1,"minecraft:pink_wool":13,"minecraft:shield":1,"minecraft:stick":600,"minecraft:iron_ingot":240,"minecraft:black_bed":1,"iceandfire:armor_bronze_helmet":1,"minecraft:cherry_planks":432,"farmersdelight:cooked_rice":32,"minecraft:furnace":7,"farmersdelight:steak_and_potatoes":5,"minecraft:glass_pane":112,"variantvanillablocks:spruce_chest":4,"born_in_chaos_v1:bone_handle":1,"minecraft:iron_axe":8,"minecraft:spruce_wood":204,"minecraft:iron_hoe":3,"cfm:magenta_sofa":2,"minecraft:cobblestone_wall":6,"mcda:spelunker_armor_helmet":1,"minecraft:cherry_fence_gate":1,"minecraft:cooked_beef":111,"minecraft:sugar":36,"cozy_home:cherry_desk":1,"minecraft:diamond_sword":1,"elevatorid:elevator_white":2,"minecraft:spruce_sign":3,"iceandfire:silver_ingot":1,"travelersbackpack:backpack_tank":5,"farmersdelight:pasta_with_mutton_chop":1,"minecraft:bowl":48,"minecraft:cooked_salmon":6,"minecraft:bucket":20,"iceandfire:dragonbone_pickaxe":1,"minecraft:bread":111,"minecraft:air":0,"cozy_home:cherry_plank":40,"variantvanillablocks:birch_chest":8,"minecraft:oak_boat":2,"minecraft:white_dye":7,"minecraft:cherry_door":6,"minecraft:pumpkin_pie":11,"minecraft:torch":688},"minecraft:broken":{"minecraft:iron_boots":3,"minecraft:iron_leggings":3,"iceandfire:armor_bronze_helmet":1,"mcda:spelunker_armor_helmet":1,"iceandfire:armor_silver_metal_chestplate":1,"soul_like_armors_reworked:dark_knight_helmet":1,"minecraft:diamond_leggings":1,"mcda:snow_armor_boots":1,"minecraft:iron_axe":4,"minecraft:iron_pickaxe":6,"minecraft:iron_helmet":1,"minecraft:iron_shovel":8,"minecraft:leather_leggings":1,"iceandfire:armor_white_helmet":1,"minecraft:golden_hoe":1,"soul_like_armors_reworked:rustysteel_boots":1},"minecraft:dropped":{"minecraft:acacia_wood":1,"minecraft:cooked_beef":4,"minecraft:diamond":1,"minecraft:cooked_porkchop":12,"minecraft:dark_oak_slab":3,"soul_like_armors_reworked:rustysteelmace":1,"minecraft:fletching_table":1,"soul_like_armors_reworked:dark_knight_boots":5,"projectvibrantjourneys:orange_bark_mushroom":3,"minecraft:red_carpet":7,"minecraft:item_frame":1,"minecraft:dirt":145,"minecraft:grass":8,"undergarden:stripped_wigglewood_log":1,"minecraft:large_fern":1,"gamma_beasts:fried_egg":2,"minecraft:jungle_sapling":1,"minecraft:gold_nugget":2,"minecraft:iron_pickaxe":6,"farmersdelight:egg_sandwich":1,"minecraft:white_wool":4,"minecraft:cyan_carpet":1,"iceandfire:dragonbone_pickaxe":2,"minecraft:tropical_fish_bucket":1,"minecraft:bone":42,"twilightforest:mining_wood":1,"minecraft:stone_axe":1,"minecraft:cobbled_deepslate":155,"minecraft:birch_sapling":1,"minecraft:obsidian":10,"soul_like_armors_reworked:rustysteel_helmet":2,"minecraft:rotten_flesh":15,"minecraft:azure_bluet":1,"supplementaries:flax_seeds":1,"minecraft:jungle_log":2,"soul_like_armors_reworked:dark_knight_helmet":2,"minecraft:painting":1,"minecraft:spruce_slab":1,"soul_like_armors_reworked:dark_knight_chestplate":2,"minecraft:glass":17,"minecraft:brown_concrete":2,"minecraft:iron_ingot":10,"minecraft:wheat_seeds":92,"minecraft:iron_helmet":1,"minecraft:feather":2,"minecraft:cobblestone":17,"minecraft:book":1,"epicfight:stone_spear":1,"minecraft:spruce_door":5,"soul_like_armors_reworked:rustysteel_boots":5,"travelersbackpack:wolf":3,"minecraft:coal":2,"minecraft:polished_andesite":2,"variantvanillablocks:cherry_chest":2,"twilightforest:canopy_planks":47,"minecraft:pumpkin":1,"soul_like_armors_reworked:dark_knight_leggings":2,"iceandfire:dragonscales_white":52,"minecraft:iron_shovel":2,"minecraft:chainmail_leggings":1,"minecraft:string":30,"minecraft:lily_pad":7,"iceandfire:dragon_skull_fire":1,"minecraft:spruce_sapling":1,"minecraft:moss_carpet":26,"minecraft:cobblestone_wall":5,"minecraft:dark_oak_sign":1,"minecraft:deepslate":10,"bloodandmadness:weapons/hunting_axe":1,"minecraft:stone_shovel":1,"minecraft:spruce_fence":2,"minecraft:polished_granite_stairs":3,"soul_like_armors_reworked:darkknightsword":3,"bloodandmadness:sanguisteel_nugget":2,"soul_like_armors_reworked:rustysteel_chestplate":3,"minecraft:spider_eye":1,"minecraft:barrel":2,"mcdw:bow_love_spell_bow":1,"minecraft:light_gray_dye":2,"minecraft:birch_boat":1,"minecraft:bow":1,"minecraft:red_tulip":1,"minecraft:stripped_spruce_wood":1,"simplyswords:iron_claymore":2,"minecraft:moss_block":1,"minecraft:brown_mushroom":3,"gamma_beasts:dark_oak_leaf":2,"minecraft:oak_log":1,"minecraft:baked_potato":73,"soul_like_armors_reworked:estusflask":3,"iceandfire:ice_dragon_flesh":4,"travelersbackpack:horse":2,"minecraft:lantern":6,"minecraft:leather":37,"twilightforest:stripped_canopy_log":1,"minecraft:cod":1,"ecologics:flowering_azalea_wood":1,"minecraft:redstone_lamp":1,"minecraft:dark_oak_log":4,"born_in_chaos_v1:monster_skin":2,"minecraft:cherry_trapdoor":1,"projectvibrantjourneys:fallen_leaves":6,"iceandfire:podium_dark_oak":1,"gravestone:obituary":50,"minecraft:polished_blackstone_bricks":1,"projectvibrantjourneys:bark_mushroom":3,"minecraft:gold_ingot":8,"minecraft:armor_stand":2,"minecraft:crimson_fungus":1,"hangglider:hang_glider":1,"oresabovediamonds:amethyst_sword":1,"minecraft:pointed_dripstone":1,"ecologics:coconut_log":1,"minecraft:carrot":9,"minecraft:poppy":2,"soul_like_armors_reworked:rustyshield":1,"projectvibrantjourneys:light_brown_bark_mushroom":17,"travelersbackpack:iron_golem":3,"born_in_chaos_v1:corpse_maggot":16,"minecraft:azalea":4,"minecraft:basalt":42,"minecraft:iron_bars":6,"minecraft:arrow":1,"soul_like_armors_reworked:blackkatana":1,"farmersdelight:ratatouille":7,"minecraft:polished_granite":2,"minecraft:water_bucket":2,"minecraft:bread":9,"gamma_beasts:oak_leaf":53,"minecraft:lilac":1,"gamma_beasts:coal_nugget":8,"soul_like_armors_reworked:rustysteel_leggings":2,"minecraft:stick":14,"minecraft:milk_bucket":1,"minecraft:torch":39,"minecraft:white_concrete":3,"minecraft:iron_leggings":1,"iceandfire:ice_dragon_heart":1,"minecraft:polished_andesite_stairs":3,"minecraft:flowering_azalea":1,"minecraft:iron_axe":2,"minecraft:cactus":102,"minecraft:dandelion":1,"iceandfire:dragonbone":21,"alexsmobs:maggot":2,"minecraft:sweet_berries":1,"minecraft:coarse_dirt":1,"minecraft:raw_copper":25,"minecraft:tuff":1,"minecraft:iron_hoe":1,"gamma_beasts:green_apple":6,"minecraft:shield":1,"soul_like_armors_reworked:darkknighttrident":1,"iceandfire:dragonbone_bow":2,"minecraft:spruce_log":31,"minecraft:calcite":6,"twilightforest:twilight_oak_log":1}},"DataVersion":3465}