{"stats":{"minecraft:picked_up":{"iceandfire:dragon_skull_lightning":1,"minecraft:enchanting_table":1,"projectvibrantjourneys:light_brown_bark_mushroom":1,"iceandfire:dragonbone":9,"epicpaladins:arclight_gem":5,"gamma_beasts:coconut":12,"iceandfire:lightning_dragon_flesh":2,"minecraft:dead_fire_coral_block":1,"minecraft:sand":10,"iceandfire:crackled_gravel":1,"minecraft:dead_horn_coral_block":1,"iceandfire:lightning_dragon_heart":1,"projectvibrantjourneys:sea_oats":2,"minecraft:lapis_lazuli":107,"minecraft:dead_tube_coral_block":2,"minecraft:wheat_seeds":1,"minecraft:cobbled_deepslate":2,"minecraft:dead_bubble_coral_block":1,"minecraft:dead_brain_coral_block":3,"pickablepets:pet":1,"epicsamurai:ruby":7,"runecraft_metals_of_gielinor:raw_runite":10,"iceandfire:dragonscales_amythest":22,"minecraft:cobblestone":4},"minecraft:used":{"runecraft_metals_of_gielinor:runite_sword":1,"the_pillager_legion_:legion_showel_tpl":9,"farmersdelight:fried_rice":1,"minecraft:enchanting_table":1,"iceandfire:dragonbone_bow":16,"iceandfire:dragon_skull_lightning":1,"ring_of_teleport:ring_of_teleport":6,"minecraft:torch":1,"farmersdelight:pasta_with_mutton_chop":1,"iceandfire:dragonbone_pickaxe":56},"minecraft:mined":{"minecraft:dead_fire_coral_block":1,"projectvibrantjourneys:sea_oats":2,"minecraft:dead_bubble_coral_block":1,"runecraft_metals_of_gielinor:runite_ore":10,"minecraft:deepslate_lapis_ore":1,"minecraft:enchanting_table":1,"minecraft:dead_horn_coral_block":1,"epicsamurai:deepslate_ruby_ore":4,"minecraft:dead_brain_coral_block":3,"minecraft:dead_tube_coral_block":2,"minecraft:sand":10,"gamma_beasts:coconut_block":7,"minecraft:lapis_ore":15,"minecraft:stone":4,"epicpaladins:arclight_ore":3,"minecraft:deepslate":2,"epicsamurai:ruby_ore":1},"minecraft:custom":{"minecraft:time_since_rest":3231,"minecraft:interact_with_furnace":8,"minecraft:sprint_one_cm":157168,"minecraft:damage_absorbed":46,"minecraft:walk_one_cm":126302,"minecraft:mob_kills":1,"minecraft:interact_with_anvil":1,"minecraft:interact_with_crafting_table":1,"minecraft:swim_one_cm":244109,"minecraft:fly_one_cm":40955,"minecraft:open_barrel":158,"minecraft:open_chest":33,"minecraft:crouch_one_cm":14,"minecraft:play_time":65496,"minecraft:sneak_time":237,"minecraft:walk_under_water_one_cm":58872,"minecraft:jump":156,"minecraft:walk_on_water_one_cm":6839,"minecraft:time_since_death":65496,"minecraft:sleep_in_bed":5,"minecraft:total_world_time":65496,"minecraft:climb_one_cm":3815,"minecraft:fall_one_cm":2443},"minecraft:killed":{"iceandfire:lightning_dragon":1},"minecraft:crafted":{"minecraft:coal_block":55,"minecraft:quartz_block":158,"minecraft:bone_block":2,"ancient_elements:nether_steel_ingot":19,"minecraft:iron_ingot":108,"minecraft:iron_block":12,"minecraft:gold_ingot":38,"minecraft:gold_block":28,"minecraft:lapis_block":21,"minecraft:air":0}},"DataVersion":3465}