{"stats":{"minecraft:killed_by":{"twilightforest:death_tome":1,"minecraft:zombie":9,"alexsmobs:grizzly_bear":2,"minecraft:vex":1,"minecraft:husk":2,"minecraft:stray":1,"creeperoverhaul:spruce_creeper":1,"minecraft:wither_skeleton":2,"iceandfire:cyclops":2,"iceandfire:sea_serpent":1,"the_pillager_legion_:veteran_infantryman_tpl":1,"iceandfire:ice_dragon":16,"born_in_chaos_v1:supreme_bonescaller_stage_2":1,"farlanders:looter":1,"minecraft:player":1,"born_in_chaos_v1:bloody_gadfly":1,"minecraft:spider":2},"minecraft:picked_up":{"gamma_beasts:thin_oak_log":22,"minecraft:iron_chestplate":3,"minecraft:chainmail_boots":2,"minecraft:flower_pot":4,"minecraft:lead":3,"minecraft:smithing_table":1,"twilightforest:naga_trophy":1,"minecraft:diamond_sword":3,"minecraft:oak_stairs":4,"minecraft:enchanted_book":5,"bloodandmadness:weapons/hunting_axe":2,"minecraft:brewing_stand":1,"minecraft:golden_sword":1,"minecraft:amethyst_block":22,"minecraft:string":30,"minecraft:dark_oak_pressure_plate":1,"minecraft:dark_oak_trapdoor":3,"iceandfire:dragonbone_pickaxe":1,"born_in_chaos_v1:mesh_door":1,"minecraft:beetroot":83,"minecraft:gold_nugget":14,"minecraft:cobbled_deepslate":961,"minecraft:spruce_planks":3,"undergarden:wigglewood_sapling":2,"minecraft:written_book":3,"hangglider:hang_glider":3,"minecraft:melon_slice":203,"farmersdelight:ratatouille":7,"the_pillager_legion_:legion_armor_helmet":1,"gamma_beasts:strawberry":3,"minecraft:beehive":2,"minecraft:composter":1,"projectvibrantjourneys:dark_oak_hollow_log":3,"minecraft:golden_axe":1,"minecraft:cherry_log":45,"minecraft:deepslate_tile_stairs":4,"minecraft:cauldron":3,"minecraft:stone_sword":3,"minecraft:light_gray_bed":2,"minecraft:red_tulip":11,"iceandfire:fire_dragon_heart":1,"minecraft:iron_block":2,"gamma_beasts:coal_nugget":102,"projectvibrantjourneys:cattail":12,"mcdw:bow_winters_touch":1,"supplementaries:ash":2,"minecraft:blaze_rod":4,"minecraft:iron_bars":2,"minecraft:snowball":15,"minecraft:birch_log":197,"born_in_chaos_v1:staffof_magic_arrows":1,"gamma_beasts:pear":6,"iceandfire:sapphire_gem":1,"minecraft:feather":5,"minecraft:cooked_beef":20,"the_pillager_legion_:legion_sword_tpl":1,"minecraft:iron_door":1,"minecraft:birch_slab":16,"minecraft:water_bucket":1,"uniquedungeons:climbing_hook_item":7,"undergarden:deepsoil":2,"minecraft:cherry_door":1,"farmersdelight:tomato":2,"minecraft:lantern":27,"twilightforest:canopy_sapling":27,"born_in_chaos_v1:marigolds":2,"minecraft:stonecutter":1,"born_in_chaos_v1:skullbreaker_hammer":5,"soul_like_armors_reworked:dark_knight_helmet":1,"soul_like_armors_reworked:rustysteel_boots":2,"minecraft:diamond_helmet":1,"minecraft:glowstone_dust":28,"minecraft:moss_block":8,"epicsamurai:raw_silver":28,"minecraft:chiseled_polished_blackstone":1,"iceandfire:dragon_skull_fire":7,"twilightforest:canopy_log":69,"minecraft:barrel":10,"alexsmobs:animal_dictionary":3,"minecraft:quartz_bricks":28,"minecraft:polished_andesite":1,"twilightforest:canopy_planks":46,"minecraft:writable_book":1,"minecraft:cherry_hanging_sign":1,"iceandfire:dragonbone_bow":1,"minecraft:chainmail_helmet":2,"minecraft:bread":23,"iceandfire:troll_leather_forest":1,"alexsmobs:maggot":11,"epicsamurai:ruby":8,"minecraft:light_gray_carpet":5,"minecraft:dark_oak_fence":3,"iceandfire:raw_silver":48,"minecraft:crafting_table":1,"bloodandmadness:twin_blood_stone_shards":3,"iceandfire:witherbone":9,"born_in_chaos_v1:seedof_chaos":2,"minecraft:golden_pickaxe":1,"minecraft:leather_leggings":2,"ecologics:seashell":1,"cfm:red_sofa":7,"gamma_beasts:birch_leaf":2,"gravestone:obituary":24,"epicfight:stray_pants":2,"minecraft:cornflower":6,"soul_like_armors_reworked:darkknightshield":1,"iceandfire:frozen_splinters":34,"epicfight:stray_hat":2,"epicsamurai:jade":4,"born_in_chaos_v1:intoxicating_decoction":4,"minecraft:white_carpet":39,"minecraft:iron_shovel":2,"travelersbackpack:pig":2,"iceandfire:bestiary":2,"undergarden:wigglewood_log":7,"minecraft:beef":37,"minecraft:jungle_sapling":1,"minecraft:poppy":27,"minecraft:spruce_slab":50,"minecraft:birch_sapling":57,"minecraft:egg":57,"minecraft:stone":3,"minecraft:spruce_fence":2,"minecraft:carrot":305,"minecraft:redstone":35,"minecraft:blue_carpet":6,"twilightforest:firefly":2,"iceandfire:dragon_skull_ice":13,"minecraft:polished_granite_stairs":2,"minecraft:stone_shovel":1,"minecraft:beetroot_seeds":219,"minecraft:peony":33,"minecraft:deepslate_bricks":8,"minecraft:hay_block":72,"minecraft:yellow_terracotta":5,"born_in_chaos_v1:spiny_shell":1,"minecraft:gold_ingot":8,"minecraft:mutton":9,"minecraft:white_wool":85,"minecraft:birch_leaves":45,"born_in_chaos_v1:monster_flesh":2,"iceandfire:sea_serpent_fang":1,"projectvibrantjourneys:icicle":1,"minecraft:yellow_dye":1,"soul_like_armors_reworked:darkknighttrident":1,"minecraft:brown_concrete":100,"minecraft:oak_log":56,"minecraft:lily_pad":30,"iceandfire:dragonscales_blue":9,"minecraft:paper":113,"soul_like_armors_reworked:blackkatana":1,"minecraft:white_banner":4,"minecraft:apple":1,"minecraft:stone_bricks":2,"gamma_beasts:meat":4,"minecraft:stone_pickaxe":2,"minecraft:cherry_sign":1,"weapons_deluxe:rubigem":2,"minecraft:glass_bottle":1,"epicsamurai:aquamarine":6,"minecraft:dark_oak_stairs":4,"elevatorid:elevator_white":2,"minecraft:polished_andesite_stairs":3,"minecraft:smooth_basalt":1,"twilightforest:nagastone_pillar":5,"epicfight:stone_greatsword":1,"born_in_chaos_v1:ethereal_spirit":2,"minecraft:gravel":1,"minecraft:birch_stairs":20,"minecraft:spruce_sapling":178,"twilightforest:cracked_nagastone_pillar":2,"minecraft:spruce_log":351,"travelersbackpack:wolf":23,"travelersbackpack:standard":6,"minecraft:polished_diorite":6,"minecraft:stone_axe":1,"minecraft:painting":8,"iceandfire:ice_dragon_flesh":12,"cozy_home:dark_oak_storage_counter":1,"minecraft:baked_potato":71,"projectvibrantjourneys:orange_bark_mushroom":11,"minecraft:melon_seeds":1,"minecraft:ender_pearl":4,"minecraft:wheat":74,"minecraft:iron_trapdoor":1,"gamma_beasts:fur":6,"minecraft:stone_brick_stairs":1,"minecraft:lapis_block":2,"soul_like_armors_reworked:rustysteel_chestplate":3,"cfm:birch_chair":2,"minecraft:raw_copper":63,"minecraft:smooth_stone_slab":2,"minecraft:iron_leggings":5,"minecraft:armor_stand":17,"minecraft:oak_sign":2,"iceandfire:sea_serpent_scales_bronze":4,"minecraft:deepslate_tiles":6,"uniquedungeons:crystal_shard":2,"minecraft:rose_bush":4,"minecraft:cobblestone_slab":2,"uniquedungeons:antique_pebble":2,"minecraft:azalea":6,"minecraft:calcite":2,"soul_like_armors_reworked:dagger":1,"minecraft:wooden_shovel":1,"minecraft:smooth_quartz":4,"minecraft:iron_pickaxe":10,"iceandfire:dragonscales_red":17,"minecraft:tipped_arrow":10,"minecraft:stick":180,"minecraft:birch_trapdoor":3,"minecraft:polished_deepslate_stairs":1,"minecraft:oak_fence":3,"born_in_chaos_v1:phantom_powder":2,"minecraft:torch":65,"iceandfire:dragonscales_white":52,"epicfight:skillbook":17,"oresabovediamonds:amethyst_sword":1,"minecraft:porkchop":2,"gamma_beasts:fried_egg":2,"iceandfire:rotten_egg":4,"born_in_chaos_v1:nightmare_claw":1,"minecraft:cactus":10,"minecraft:rotten_flesh":56,"minecraft:obsidian":12,"bloodandmadness:blood_stone_shard":5,"minecraft:cobblestone":914,"minecraft:pink_petals":3,"minecraft:leather_chestplate":4,"minecraft:lilac":27,"twilightforest:twilight_oak_log":1,"minecraft:andesite":15,"projectvibrantjourneys:fallen_leaves":15,"gamma_beasts:prehnite":56,"minecraft:potato":72,"minecraft:tuff":6,"gamma_beasts:oak_leaf":34,"projectvibrantjourneys:rocks":1,"minecraft:lapis_lazuli":147,"minecraft:dirt":2601,"iceandfire:dragonscales_bronze":24,"born_in_chaos_v1:monster_skin":3,"minecraft:glass":19,"minecraft:bone":152,"minecraft:bow":6,"minecraft:wheat_seeds":368,"minecraft:raw_gold":86,"minecraft:grindstone":2,"wom:diamond_legbottomseal":1,"minecraft:oak_planks":1,"minecraft:mossy_stone_brick_stairs":1,"minecraft:cooked_porkchop":12,"minecraft:sand":345,"minecraft:cyan_bed":4,"iceandfire:podium_dark_oak":3,"minecraft:mossy_cobblestone":16,"twilightforest:mossy_etched_nagastone":1,"minecraft:spruce_boat":1,"soul_like_armors_reworked:dark_knight_boots":2,"minecraft:sugar":2,"minecraft:diamond":27,"minecraft:soul_lantern":2,"minecraft:crossbow":1,"minecraft:grass":6,"minecraft:bone_meal":3,"minecraft:emerald":16,"astikorcarts:plow":1,"minecraft:oak_sapling":14,"minecraft:netherrack":1,"iceandfire:silver_nugget":288,"minecraft:charcoal":1,"minecraft:allium":8,"minecraft:azure_bluet":2,"minecraft:chicken":1,"minecraft:ladder":3,"minecraft:turtle_helmet":1,"minecraft:brown_mushroom":8,"minecraft:gold_block":9,"soul_like_armors_reworked:darkknightsword":11,"twilightforest:nagastone":13,"minecraft:moss_carpet":27,"minecraft:iron_axe":3,"mcdw:bow_love_spell_bow":1,"minecraft:item_frame":7,"minecraft:blackstone":198,"minecraft:cyan_carpet":2,"bloodandmadness:blood_vial":26,"minecraft:detector_rail":1,"twilightforest:nagastone_head":2,"minecraft:sugar_cane":138,"bloodandmadness:weapons/lit_torch":1,"iceandfire:ice_dragon_heart":2,"twilightforest:canopy_fence_gate":2,"minecraft:dark_oak_sapling":4,"minecraft:raw_iron":234,"iceandfire:dragonbone":100,"iceandfire:dragonscales_gray":17,"gamma_beasts:dark_oak_leaf":1,"twilightforest:twilight_oak_chest":2,"projectvibrantjourneys:bark_mushroom":8,"twilightforest:canopy_fence":9,"soul_like_armors_reworked:rustysteel_helmet":2,"minecraft:light_blue_bed":6,"bloodandmadness:beastblood_clump":4,"minecraft:dark_oak_planks":16,"cfm:spruce_upgraded_fence":1,"soul_like_armors_reworked:estusflask":90,"minecraft:arrow":21,"minecraft:pumpkin_pie":2,"twilightforest:etched_nagastone":1,"minecraft:nether_bricks":8,"bloodandmadness:sanguisteel_nugget":7,"minecraft:pink_tulip":10,"the_pillager_legion_:legion_armor_boots":2,"minecraft:black_banner":3,"minecraft:skeleton_skull":3,"born_in_chaos_v1:fused_bone":6,"born_in_chaos_v1:corpse_maggot":43,"minecraft:air":0,"minecraft:basalt":71,"minecraft:glow_ink_sac":26,"minecraft:salmon":1,"minecraft:leather":60,"minecraft:birch_planks":62,"simplyswords:iron_claymore":6,"gamma_beasts:green_apple":50,"minecraft:chainmail_chestplate":1,"iceandfire:ectoplasm":2,"minecraft:cobblestone_wall":1,"minecraft:cobblestone_stairs":9,"minecraft:wooden_hoe":1,"minecraft:red_carpet":32,"soul_like_armors_reworked:rustyshield":6,"minecraft:iron_ingot":18,"the_pillager_legion_:legion_deep":1,"iceandfire:fire_dragon_flesh":7,"minecraft:soul_sand":1,"minecraft:book":109,"minecraft:tropical_fish_bucket":1,"projectvibrantjourneys:light_brown_bark_mushroom":21,"epicsamurai:onyx":6,"minecraft:scaffolding":1,"minecraft:birch_boat":11,"minecraft:pitcher_plant":2,"minecraft:pumpkin":53,"minecraft:stone_brick_slab":2,"minecraft:quartz":12,"minecraft:dandelion":6,"minecraft:dripstone_block":50,"born_in_chaos_v1:dark_rod":2,"minecraft:amethyst_shard":10,"minecraft:red_banner":3,"minecraft:blast_furnace":2,"minecraft:white_bed":3,"minecraft:mossy_stone_brick_slab":3,"minecraft:spruce_door":8,"minecraft:spider_eye":6,"gamma_beasts:spruce_leaf":8,"minecraft:pumpkin_seeds":7,"soul_like_armors_reworked:dark_knight_chestplate":1,"minecraft:chainmail_leggings":2,"minecraft:iron_helmet":5,"minecraft:cherry_sapling":12,"soul_like_armors_reworked:rustysteel_leggings":1,"minecraft:dark_oak_wood":6,"minecraft:coal":252,"variantvanillablocks:birch_chest":4},"minecraft:broken":{"minecraft:wooden_shovel":1,"minecraft:iron_boots":2,"minecraft:iron_chestplate":2,"minecraft:iron_leggings":2,"iceandfire:armor_silver_metal_leggings":1,"minecraft:iron_axe":2,"minecraft:iron_pickaxe":13,"minecraft:iron_helmet":3,"minecraft:iron_shovel":4,"minecraft:stone_pickaxe":1,"minecraft:stone_shovel":3,"minecraft:golden_axe":1,"minecraft:golden_pickaxe":1},"minecraft:used":{"mcda:emerald_gear_helmet":1,"minecraft:beetroot":1,"revampedpiles:cobblestone_roof":10,"cozy_home:dark_oak_sink_counter":1,"minecraft:ladder":38,"minecraft:spruce_slab":374,"iceandfire:dragon_skull_ice":12,"minecraft:chest":2,"minecraft:stone":3,"minecraft:brown_concrete":14,"soul_like_armors_reworked:darkknightsword":383,"twilightforest:canopy_sapling":3,"minecraft:rotten_flesh":21,"iceandfire:spawn_egg_hippocampus":1,"minecraft:azure_bluet":1,"twilightforest:etched_nagastone":2,"minecraft:lava_bucket":1,"minecraft:red_wool":8,"minecraft:birch_sapling":48,"cozy_home:dark_oak_storage_counter":2,"minecraft:pink_wool":9,"twilightforest:nagastone":1,"minecraft:furnace":3,"minecraft:oak_sapling":14,"minecraft:egg":8,"minecraft:potato":51,"projectvibrantjourneys:rocks":1,"minecraft:spruce_door":9,"the_pillager_legion_:republican_gmaduis_tpl":36,"minecraft:composter":3,"elevatorid:elevator_white":4,"minecraft:golden_apple":1,"minecraft:sand":24,"astikorcarts:plow":1,"minecraft:blast_furnace":2,"minecraft:pumpkin_seeds":19,"undergarden:deepsoil":2,"minecraft:birch_fence":35,"minecraft:deepslate_tiles":46,"cfm:spruce_upgraded_fence":11,"minecraft:birch_slab":145,"minecraft:cherry_sign":1,"minecraft:soul_lantern":7,"minecraft:diamond_sword":658,"globalxp:xp_block":2,"twilightforest:canopy_fence_gate":6,"minecraft:smithing_table":1,"minecraft:dark_oak_fence":2,"twilightforest:twilight_oak_log":1,"minecraft:enchanting_table":1,"minecraft:armor_stand":17,"cozy_home:dark_oak_counter":1,"minecraft:light_gray_carpet":1,"oresabovediamonds:amethyst_sword":70,"variantvanillablocks:birch_bookshelf":26,"minecraft:torch":345,"minecraft:brewing_stand":1,"minecraft:anvil":1,"twilightforest:mossy_etched_nagastone":3,"minecraft:oak_fence_gate":2,"projectvibrantjourneys:fallen_leaves":5,"soul_like_armors_reworked:dagger":25,"iceandfire:podium_dark_oak":3,"minecraft:iron_axe":905,"twilightforest:canopy_fence":25,"minecraft:barrel":9,"minecraft:melon_seeds":11,"minecraft:basalt":69,"cfm:red_sofa":11,"hamsters:hamster":9,"minecraft:cobbled_deepslate":101,"minecraft:golden_axe":27,"minecraft:wheat_seeds":131,"minecraft:water_bucket":111,"minecraft:birch_planks":230,"minecraft:cauldron":2,"wom:diamond_legbottomseal":3,"minecraft:deepslate_bricks":104,"minecraft:spruce_fence_gate":1,"minecraft:polished_deepslate_slab":12,"minecraft:mossy_cobblestone":16,"minecraft:crafting_table":3,"born_in_chaos_v1:skullbreaker_hammer":595,"minecraft:white_bed":3,"minecraft:spruce_log":205,"minecraft:deepslate_tile_wall":30,"gamma_beasts:fried_egg":7,"minecraft:diamond_pickaxe":138,"minecraft:iron_pickaxe":3266,"projectvibrantjourneys:dark_oak_hollow_log":2,"alexscaves:extinction_spear":70,"minecraft:spruce_trapdoor":1,"minecraft:spruce_sapling":111,"minecraft:cobblestone":123,"minecraft:potion":2,"travelersbackpack:standard":10,"minecraft:cooked_porkchop":39,"minecraft:glass_pane":160,"minecraft:dandelion":1,"minecraft:cherry_sapling":1,"travelersbackpack:horse":1,"minecraft:iron_shovel":1118,"oresabovediamonds:netherite_opal_sword":32,"minecraft:mossy_stone_brick_slab":7,"minecraft:carrot":119,"minecraft:tuff":6,"minecraft:axolotl_bucket":2,"minecraft:milk_bucket":1,"minecraft:obsidian":12,"minecraft:polished_deepslate_stairs":5,"born_in_chaos_v1:corpse_maggot":31,"minecraft:glass":156,"minecraft:lantern":23,"mcdw:bow_winters_touch":701,"minecraft:iron_helmet":1,"minecraft:light_blue_bed":6,"minecraft:stone_bricks":6,"minecraft:item_frame":2,"minecraft:birch_trapdoor":11,"minecraft:red_carpet":17,"minecraft:hay_block":71,"minecraft:written_book":6,"minecraft:beetroot_seeds":108,"minecraft:dark_oak_sapling":4,"iceandfire:armor_white_leggings":2,"iceandfire:armor_bronze_boots":1,"twilightforest:naga_trophy":2,"epicfight:skillbook":17,"minecraft:stone_pickaxe":222,"minecraft:birch_leaves":45,"minecraft:sugar_cane":71,"variantvanillablocks:birch_chest":24,"minecraft:white_wool":63,"iceandfire:podium_spruce":7,"undergarden:wigglewood_sapling":2,"minecraft:black_banner":3,"minecraft:shears":45,"farmersdelight:ratatouille":5,"minecraft:bread":254,"minecraft:cyan_bed":4,"undergarden:wigglewood_log":7,"variantvanillablocks:spruce_chest":2,"iceandfire:dragon_skull_fire":6,"minecraft:grindstone":2,"minecraft:bone_meal":47,"minecraft:smooth_stone_slab":4,"minecraft:tropical_fish_bucket":1,"twilightforest:twilight_oak_chest":2,"minecraft:white_concrete":52,"minecraft:golden_pickaxe":34,"minecraft:experience_bottle":13,"minecraft:oak_fence":27,"simplyswords:iron_claymore":194,"minecraft:flint_and_steel":2,"minecraft:stone_shovel":449,"minecraft:spruce_planks":2,"gamma_beasts:green_apple":25,"soul_like_armors_reworked:estusflask":87,"minecraft:stone_hoe":119,"minecraft:wooden_shovel":59,"gamma_beasts:strawberry":2,"iceandfire:armor_copper_metal_boots":1,"mcda:emerald_gear_boots":2,"minecraft:dirt":1688,"minecraft:white_carpet":20,"minecraft:spruce_fence":28,"minecraft:wooden_axe":27,"alexsmobs:maggot":7,"minecraft:oak_stairs":144,"minecraft:iron_boots":2,"minecraft:deepslate_tile_stairs":9,"projectvibrantjourneys:cattail":1,"cfm:birch_chair":6,"minecraft:cooked_beef":40,"iceandfire:dragonbone_pickaxe":8,"minecraft:light_gray_bed":2,"minecraft:iron_leggings":2,"farmersdelight:fried_egg":11,"cfm:yellow_grill":1,"minecraft:quartz_bricks":20,"minecraft:amethyst_block":15,"minecraft:cobblestone_stairs":29,"minecraft:baked_potato":84,"minecraft:birch_boat":17,"minecraft:stonecutter":1,"twilightforest:canopy_log":2,"soul_like_armors_reworked:blackkatana":1,"minecraft:painting":3,"travelersbackpack:wolf":62,"minecraft:smoker":1,"minecraft:flower_pot":4,"minecraft:black_wool":2,"minecraft:apple":36,"twilightforest:firefly":2,"cfm:birch_coffee_table":4,"minecraft:stone_axe":121,"minecraft:white_banner":4,"minecraft:bucket":112,"minecraft:red_banner":3,"minecraft:pumpkin_pie":7,"minecraft:birch_stairs":66,"iceandfire:lectern":1},"minecraft:killed":{"minecraft:cave_spider":11,"minecraft:cod":1,"born_in_chaos_v1:siamese_skeletonsright":1,"born_in_chaos_v1:baby_skeleton_minion":10,"minecraft:skeleton":60,"bloodandmadness:beast_patient":7,"born_in_chaos_v1:supreme_bonescaller_stage_2":1,"minecraft:magma_cube":2,"farlanders:rebel":3,"born_in_chaos_v1:bone_imp":1,"minecraft:pillager":10,"minecraft:zombie":80,"born_in_chaos_v1:corpse_fly":7,"born_in_chaos_v1:door_knight":2,"iceandfire:sea_serpent":1,"minecraft:cow":18,"bloodandmadness:cloaked_beast_patient":2,"minecraft:vindicator":13,"minecraft:zoglin":1,"minecraft:horse":8,"twilightforest:death_tome":20,"minecraft:husk":33,"born_in_chaos_v1:bone_imp_minion":10,"twilightforest:kobold":2,"minecraft:wandering_trader":1,"born_in_chaos_v1:decrepit_skeleton":7,"alexsmobs:catfish":1,"iceandfire:ghost":1,"iceandfire:ice_dragon":4,"the_pillager_legion_:infantryman_tpl":30,"minecraft:enderman":3,"born_in_chaos_v1:zombie_clown":2,"minecraft:witch":3,"pots_and_mimics:pot_crab":3,"minecraft:spider":15,"minecraft:silverfish":4,"minecraft:illusioner":6,"born_in_chaos_v1:bonescaller":2,"minecraft:pig":1,"alexsmobs:grizzly_bear":3,"born_in_chaos_v1:glutton_fish":1,"alexsmobs:stradpole":1,"minecraft:creeper":9,"minecraft:sheep":5,"minecraft:trader_llama":2,"born_in_chaos_v1:dread_hound":2,"minecraft:stray":7,"alexsmobs:fly":7,"minecraft:blaze":7,"born_in_chaos_v1:siamese_skeletonsleft":1,"bloodandmadness:church_doctor":7,"born_in_chaos_v1:zombie_bruiser":2,"born_in_chaos_v1:maggot":48,"iceandfire:fire_dragon":1,"farlanders:mystic_enderminion":1,"bloodandmadness:huntsman_axe":6,"born_in_chaos_v1:corpse_fish":2,"farlanders:looter":3,"born_in_chaos_v1:baby_skeleton":1,"iceandfire:troll":1,"the_pillager_legion_:veteran_infantryman_tpl":10,"pots_and_mimics:poison_pot_crab":1,"born_in_chaos_v1:nightmare_stalker":1,"minecraft:wither_skeleton":14,"minecraft:player":1,"minecraft:villager":1},"minecraft:crafted":{"minecraft:smooth_stone":4,"epicsamurai:silver_ingot":132,"globalxp:xp_block":2,"minecraft:birch_boat":5,"minecraft:birch_slab":132,"minecraft:iron_bars":32,"minecraft:glass":290,"iceandfire:armor_silver_metal_chestplate":1,"epicsamurai:iron_samurai_helmet":2,"minecraft:melon_seeds":10,"iceandfire:armor_copper_metal_chestplate":1,"gamma_beasts:prehnite_armor_helmet":2,"minecraft:black_wool":2,"gamma_beasts:prehnite_armor_boots":1,"travelersbackpack:standard":1,"cfm:birch_coffee_table":4,"minecraft:spruce_door":3,"minecraft:copper_ingot":45,"gamma_beasts:fried_egg":5,"minecraft:polished_deepslate_slab":12,"minecraft:golden_leggings":1,"iceandfire:armor_white_helmet":1,"gamma_beasts:prehnite_armor_leggings":1,"minecraft:iron_pickaxe":11,"iceandfire:armor_white_chestplate":1,"minecraft:gold_ingot":36,"minecraft:composter":3,"minecraft:birch_stairs":68,"hangglider:glider_framework":2,"minecraft:stone_shovel":6,"minecraft:smooth_stone_slab":6,"minecraft:leather_leggings":1,"minecraft:polished_deepslate_stairs":4,"epicsamurai:iron_samurai_chestplate":2,"iceandfire:armor_copper_metal_leggings":1,"minecraft:bone_meal":51,"hangglider:glider_wing":4,"minecraft:spruce_fence":27,"minecraft:white_carpet":6,"epicsamurai:iron_samurai_leggings":2,"iceandfire:armor_copper_metal_helmet":1,"travelersbackpack:white_sleeping_bag":1,"minecraft:ladder":36,"minecraft:spruce_slab":390,"minecraft:stone_pickaxe":2,"twilightforest:canopy_planks":16,"iceandfire:armor_silver_metal_boots":1,"variantvanillablocks:birch_bookshelf":26,"minecraft:golden_helmet":1,"iceandfire:podium_spruce":7,"mcda:emerald_gear_boots":1,"minecraft:enchanting_table":1,"minecraft:leather_helmet":1,"minecraft:deepslate_tiles":1,"minecraft:oak_fence_gate":2,"iceandfire:armor_white_leggings":1,"minecraft:birch_trapdoor":8,"minecraft:wooden_axe":1,"minecraft:oak_stairs":188,"minecraft:iron_leggings":5,"minecraft:iron_shovel":2,"minecraft:deepslate_tile_stairs":5,"minecraft:armor_stand":2,"iceandfire:armor_bronze_leggings":1,"epicsamurai:iron_samurai_boots":2,"mcda:emerald_gear_leggings":1,"minecraft:oak_planks":256,"minecraft:barrel":2,"hangglider:hang_glider":2,"mcda:emerald_gear_chestplate":1,"minecraft:mossy_stone_brick_slab":4,"iceandfire:lectern":1,"minecraft:cobblestone_stairs":30,"minecraft:stone":7,"gamma_beasts:prehnite_armor_chestplate":1,"iceandfire:armor_copper_metal_boots":1,"minecraft:iron_boots":5,"iceandfire:armor_silver_metal_leggings":1,"minecraft:chest":2,"minecraft:stone_hoe":1,"minecraft:oak_fence":27,"twilightforest:canopy_fence":21,"minecraft:golden_boots":1,"minecraft:crafting_table":2,"minecraft:spruce_planks":340,"minecraft:iron_helmet":1,"minecraft:red_wool":13,"iceandfire:armor_white_boots":1,"minecraft:birch_planks":748,"minecraft:pumpkin_seeds":16,"farmersdelight:fried_egg":11,"minecraft:spruce_trapdoor":2,"minecraft:iron_chestplate":6,"minecraft:pink_wool":8,"minecraft:yellow_dye":1,"minecraft:diamond_pickaxe":1,"minecraft:birch_fence":36,"mcda:emerald_gear_helmet":1,"minecraft:stick":228,"minecraft:iron_ingot":72,"iceandfire:armor_bronze_helmet":1,"minecraft:shears":1,"cfm:red_sofa":4,"minecraft:leather_boots":1,"minecraft:golden_chestplate":1,"cfm:yellow_grill":1,"cfm:birch_chair":4,"cfm:blue_sofa":2,"minecraft:furnace":1,"minecraft:glass_pane":160,"variantvanillablocks:spruce_chest":3,"minecraft:iron_axe":2,"magistuarmory:steel_ingot":64,"iceandfire:armor_bronze_chestplate":1,"revampedpiles:cobblestone_roof":12,"minecraft:red_dye":40,"elevatorid:elevator_white":2,"twilightforest:canopy_fence_gate":4,"iceandfire:armor_bronze_boots":1,"travelersbackpack:backpack_tank":2,"minecraft:bucket":2,"minecraft:stone_axe":1,"minecraft:air":0,"minecraft:blue_dye":5,"variantvanillablocks:birch_chest":20,"minecraft:blue_wool":5,"minecraft:torch":228},"minecraft:dropped":{"twilightforest:nagastone":13,"bloodandmadness:weapons/lit_torch":1,"minecraft:cooked_beef":1,"wom:diamond_legbottomseal":1,"minecraft:glass_bottle":3,"minecraft:diamond":6,"iceandfire:ectoplasm":2,"minecraft:cherry_hanging_sign":1,"soul_like_armors_reworked:dark_knight_boots":2,"born_in_chaos_v1:nightmare_claw":1,"projectvibrantjourneys:orange_bark_mushroom":7,"minecraft:red_carpet":1,"minecraft:item_frame":5,"born_in_chaos_v1:monster_flesh":2,"minecraft:dirt":179,"minecraft:grass":6,"minecraft:dark_oak_fence":1,"minecraft:yellow_dye":2,"cfm:blue_sofa":2,"minecraft:jungle_sapling":1,"iceandfire:spawn_egg_hippocampus":1,"minecraft:bone_meal":1,"minecraft:sand":86,"minecraft:iron_pickaxe":7,"minecraft:birch_stairs":6,"iceandfire:dragonbone_pickaxe":1,"minecraft:bone":3,"minecraft:stone_axe":2,"minecraft:detector_rail":1,"alexsmobs:animal_dictionary":4,"minecraft:wheat":1,"soul_like_armors_reworked:rustysteel_helmet":1,"minecraft:rotten_flesh":17,"minecraft:light_gray_carpet":2,"minecraft:azure_bluet":1,"twilightforest:cracked_nagastone_pillar":2,"soul_like_armors_reworked:dark_knight_helmet":1,"minecraft:ladder":1,"minecraft:leather_leggings":1,"minecraft:painting":3,"minecraft:spruce_slab":1,"minecraft:glass":11,"projectvibrantjourneys:cattail":11,"uniquedungeons:crystal_shard":2,"minecraft:stone_brick_stairs":1,"born_in_chaos_v1:marigolds":2,"minecraft:brown_concrete":1,"farmersdelight:tomato_seeds":6,"born_in_chaos_v1:intoxicating_decoction":1,"minecraft:wheat_seeds":43,"twilightforest:canopy_sapling":24,"minecraft:dripstone_block":50,"minecraft:book":2,"minecraft:iron_helmet":5,"minecraft:cobblestone":69,"minecraft:apple":1,"twilightforest:etched_nagastone":1,"minecraft:chicken_spawn_egg":1,"minecraft:chainmail_helmet":2,"travelersbackpack:wolf":2,"minecraft:polished_andesite":1,"minecraft:chainmail_leggings":2,"minecraft:iron_shovel":1,"minecraft:paper":2,"minecraft:string":13,"minecraft:lily_pad":14,"minecraft:spruce_sapling":40,"minecraft:pink_tulip":10,"minecraft:moss_carpet":27,"minecraft:pitcher_plant":2,"minecraft:stone_sword":3,"bloodandmadness:weapons/hunting_axe":1,"minecraft:experience_bottle":3,"minecraft:stone_shovel":1,"minecraft:chicken":1,"minecraft:white_carpet":27,"minecraft:iron_boots":1,"minecraft:name_tag":2,"minecraft:nether_bricks":8,"minecraft:pumpkin_seeds":1,"minecraft:diamond_sword":2,"minecraft:potato":1,"minecraft:cobblestone_slab":1,"minecraft:polished_granite_stairs":2,"minecraft:stone":3,"projectvibrantjourneys:dark_oak_hollow_log":1,"soul_like_armors_reworked:darkknightsword":10,"iceandfire:frozen_splinters":34,"minecraft:peony":33,"mcdw:bow_winters_touch":1,"soul_like_armors_reworked:rustysteel_chestplate":2,"minecraft:spider_eye":2,"mcdw:bow_love_spell_bow":1,"minecraft:birch_boat":2,"minecraft:bow":5,"bloodandmadness:blood_stone_shard":3,"farmersdelight:tomato":2,"simplyswords:iron_claymore":3,"epicfight:skillbook":7,"minecraft:soul_sand":1,"minecraft:moss_block":8,"minecraft:brown_mushroom":8,"minecraft:dark_oak_stairs":4,"gamma_beasts:dark_oak_leaf":1,"minecraft:baked_potato":1,"soul_like_armors_reworked:estusflask":1,"iceandfire:fire_dragon_flesh":3,"minecraft:leather":2,"twilightforest:naga_scale":5,"gamma_beasts:birch_leaf":2,"bloodandmadness:beastblood_clump":1,"travelersbackpack:standard":2,"born_in_chaos_v1:monster_skin":2,"minecraft:cornflower":1,"projectvibrantjourneys:fallen_leaves":6,"minecraft:snowball":15,"gravestone:obituary":53,"projectvibrantjourneys:bark_mushroom":7,"minecraft:gravel":1,"hangglider:hang_glider":3,"oresabovediamonds:amethyst_sword":2,"minecraft:cherry_sapling":11,"minecraft:beetroot":1,"travelersbackpack:pig":4,"minecraft:beehive":2,"minecraft:poppy":4,"minecraft:leather_chestplate":3,"soul_like_armors_reworked:rustyshield":3,"projectvibrantjourneys:light_brown_bark_mushroom":1,"supplementaries:ash":1,"minecraft:skeleton_skull":1,"minecraft:beetroot_seeds":1,"born_in_chaos_v1:corpse_maggot":12,"soul_like_armors_reworked:dagger":1,"minecraft:azalea":6,"minecraft:chainmail_boots":2,"minecraft:basalt":2,"uniquedungeons:antique_pebble":1,"minecraft:arrow":62,"soul_like_armors_reworked:blackkatana":1,"minecraft:netherrack":1,"minecraft:scaffolding":1,"born_in_chaos_v1:skullbreaker_hammer":3,"minecraft:written_book":2,"twilightforest:nagastone_pillar":5,"uniquedungeons:climbing_hook_item":3,"minecraft:water_bucket":3,"minecraft:bread":18,"gamma_beasts:strawberry":1,"gamma_beasts:oak_leaf":6,"minecraft:cherry_log":15,"minecraft:lilac":25,"gamma_beasts:coal_nugget":15,"twilightforest:nagastone_head":2,"minecraft:amethyst_block":7,"minecraft:parrot_spawn_egg":1,"twilightforest:canopy_log":63,"twilightforest:canopy_fence":1,"minecraft:stick":8,"minecraft:spruce_fence_gate":1,"minecraft:iron_block":1,"minecraft:smooth_quartz":2,"minecraft:iron_door":1,"minecraft:iron_leggings":3,"minecraft:polished_andesite_stairs":3,"minecraft:iron_axe":3,"minecraft:pink_petals":3,"minecraft:bucket":1,"minecraft:dandelion":1,"alexsmobs:maggot":4,"minecraft:composter":1,"iceandfire:witherbone":2,"farmersdelight:cabbage_seeds":9,"gamma_beasts:green_apple":4,"soul_like_armors_reworked:darkknighttrident":1,"iceandfire:rotten_egg":1,"minecraft:iron_chestplate":6,"minecraft:andesite":15,"iceandfire:dragonbone_bow":1,"minecraft:spruce_log":64,"minecraft:stone_pickaxe":1},"minecraft:custom":{"minecraft:interact_with_crafting_table":47,"minecraft:open_barrel":324,"minecraft:leave_game":60,"minecraft:time_since_death":186834,"minecraft:play_time":2812091,"minecraft:deaths":51,"minecraft:jump":21980,"minecraft:enchant_item":3,"minecraft:interact_with_furnace":75,"minecraft:sleep_in_bed":142,"minecraft:damage_dealt":103029,"minecraft:interact_with_smoker":8,"minecraft:horse_one_cm":154884,"minecraft:interact_with_smithing_table":2,"minecraft:interact_with_anvil":12,"minecraft:damage_dealt_absorbed":412,"minecraft:sneak_time":68624,"minecraft:interact_with_blast_furnace":11,"minecraft:total_world_time":2812258,"minecraft:interact_with_stonecutter":14,"minecraft:time_since_rest":1712,"minecraft:swim_one_cm":451262,"minecraft:fly_one_cm":14451652,"minecraft:open_chest":1381,"minecraft:fall_one_cm":372832,"minecraft:animals_bred":30,"minecraft:damage_resisted":12,"minecraft:sprint_one_cm":7079185,"minecraft:drop":458,"minecraft:talked_to_villager":6,"minecraft:interact_with_brewingstand":1,"minecraft:walk_on_water_one_cm":462122,"minecraft:interact_with_loom":1,"minecraft:player_kills":1,"minecraft:crouch_one_cm":203157,"minecraft:mob_kills":555,"minecraft:fill_cauldron":2,"minecraft:damage_dealt_resisted":6590,"minecraft:climb_one_cm":393112,"minecraft:walk_one_cm":28249701,"minecraft:walk_under_water_one_cm":292338,"minecraft:boat_one_cm":446868,"minecraft:raid_trigger":2,"minecraft:pot_flower":3,"minecraft:interact_with_grindstone":1,"minecraft:damage_absorbed":40,"minecraft:damage_taken":42426,"minecraft:trigger_trapped_chest":1},"minecraft:mined":{"minecraft:dark_oak_planks":4,"minecraft:blue_carpet":6,"twilightforest:cracked_etched_nagastone":1,"minecraft:white_bed":3,"undergarden:wigglewood_log":7,"iceandfire:podium_dark_oak":3,"minecraft:cherry_log":67,"minecraft:obsidian":7,"minecraft:chiseled_polished_blackstone":1,"epicsamurai:silver_ore":26,"cfm:birch_chair":2,"twilightforest:twilight_oak_chest":2,"minecraft:light_gray_bed":2,"minecraft:deepslate_bricks":8,"minecraft:deepslate_tile_stairs":4,"twilightforest:nagastone_pillar":5,"travelersbackpack:wolf":4,"minecraft:spawner":18,"minecraft:polished_blackstone_bricks":1,"minecraft:magma_block":1,"minecraft:cobbled_deepslate":9,"minecraft:barrel":10,"minecraft:fire":20,"minecraft:moss_carpet":3,"minecraft:pumpkin":53,"minecraft:deepslate_lapis_ore":18,"minecraft:dirt_path":43,"minecraft:oak_stairs":4,"minecraft:pink_tulip":10,"minecraft:iron_block":1,"weapons_deluxe:deepslaterubiore":2,"minecraft:torch":3,"twilightforest:canopy_fence_gate":2,"minecraft:blast_furnace":2,"projectvibrantjourneys:twigs":14,"minecraft:polished_andesite_stairs":1,"minecraft:melon":39,"iceandfire:sapphire_ore":1,"minecraft:glass":16,"minecraft:cyan_bed":6,"minecraft:sugar_cane":47,"pots_and_mimics:nether_treasure_pot":2,"projectvibrantjourneys:fallen_leaves":7,"minecraft:amethyst_block":23,"minecraft:birch_sapling":1,"minecraft:chain":2,"minecraft:wheat":72,"minecraft:lilac":27,"undergarden:deepsoil":2,"uniquedungeons:antique_pebble_pressure_plate":1,"minecraft:stone_brick_stairs":1,"minecraft:potted_poppy":2,"minecraft:grass":526,"projectvibrantjourneys:short_grass":85,"minecraft:smooth_quartz":2,"uniquedungeons:crystal":1,"minecraft:stonecutter":1,"twilightforest:canopy_log":67,"minecraft:deepslate":789,"uniquedungeons:empty_urn":1,"minecraft:attached_pumpkin_stem":2,"minecraft:yellow_terracotta":5,"minecraft:deepslate_tiles":6,"minecraft:brown_concrete":96,"iceandfire:silver_ore":50,"minecraft:mossy_cobblestone":16,"minecraft:cherry_sapling":1,"projectvibrantjourneys:rocks":9,"minecraft:nether_bricks":9,"minecraft:dark_oak_fence":4,"minecraft:allium":5,"the_pillager_legion_:legion_cut_deep_3":3,"projectvibrantjourneys:dark_oak_hollow_log":2,"minecraft:moss_block":13,"twilightforest:time_leaves":1,"twilightforest:etched_nagastone":1,"minecraft:black_stained_glass_pane":2,"minecraft:andesite":6,"twilightforest:twilight_oak_leaves":1,"minecraft:mossy_stone_brick_stairs":1,"minecraft:potatoes":18,"minecraft:cobblestone_slab":1,"twilightforest:canopy_fence":9,"minecraft:white_wool":16,"minecraft:potted_allium":1,"minecraft:smithing_table":1,"minecraft:birch_stairs":14,"minecraft:light_gray_carpet":5,"uniquedungeons:climbing_hook":3,"epicsamurai:jade_ore":4,"minecraft:glass_pane":23,"minecraft:stone_brick_slab":2,"minecraft:dandelion":4,"gamma_beasts:abedul_hoja_1":1,"minecraft:cornflower":5,"projectvibrantjourneys:mossy_rocks":1,"minecraft:copper_ore":11,"minecraft:tall_grass":165,"twilightforest:nagastone":13,"minecraft:deepslate_gold_ore":63,"minecraft:coarse_dirt":2,"minecraft:light_blue_bed":6,"minecraft:cobblestone_wall":1,"minecraft:spruce_log":344,"minecraft:torchflower":1,"minecraft:white_carpet":18,"minecraft:birch_leaves":70,"minecraft:red_wall_banner":3,"iceandfire:silver_pile":56,"minecraft:mycelium":1,"minecraft:dripstone_block":49,"minecraft:cobweb":3,"minecraft:stone_bricks":9,"minecraft:gold_ore":20,"minecraft:iron_trapdoor":2,"minecraft:deepslate_emerald_ore":2,"minecraft:fern":3,"minecraft:spruce_planks":2,"minecraft:oak_sapling":1,"minecraft:mossy_stone_brick_slab":3,"minecraft:cobblestone_stairs":9,"minecraft:brewing_stand":1,"minecraft:budding_amethyst":2,"minecraft:grass_block":1266,"minecraft:polished_diorite":6,"minecraft:composter":1,"variantvanillablocks:birch_bookshelf":6,"minecraft:glowstone":10,"minecraft:iron_ore":170,"minecraft:azure_bluet":1,"minecraft:dark_oak_stairs":2,"minecraft:red_tulip":12,"twilightforest:canopy_leaves":28,"minecraft:iron_bars":3,"epicsamurai:deepslate_silver_ore":2,"minecraft:spruce_slab":48,"cfm:spruce_upgraded_fence":1,"projectvibrantjourneys:cattail":16,"minecraft:deepslate_redstone_ore":8,"minecraft:blackstone":199,"minecraft:polished_deepslate_stairs":1,"minecraft:melon_stem":1,"minecraft:soul_lantern":2,"minecraft:clay":19,"iceandfire:dragon_ice_spikes":165,"minecraft:calcite":1,"minecraft:poppy":19,"twilightforest:twilight_oak_log":1,"minecraft:nether_quartz_ore":17,"minecraft:cobblestone":26,"minecraft:grindstone":2,"twilightforest:canopy_sapling":3,"minecraft:iron_door":1,"minecraft:wall_torch":15,"minecraft:cauldron":3,"minecraft:seagrass":4,"epicsamurai:aquamarine_ore":5,"minecraft:lapis_block":2,"minecraft:birch_log":201,"minecraft:birch_trapdoor":3,"projectvibrantjourneys:bones":2,"minecraft:cherry_door":1,"minecraft:smooth_stone_slab":1,"minecraft:oak_log":45,"minecraft:beetroots":87,"minecraft:dirt":1100,"variantvanillablocks:birch_chest":4,"minecraft:sand":346,"minecraft:oak_leaves":5,"minecraft:netherrack":10,"undergarden:wigglewood_sapling":1,"minecraft:tuff":5,"minecraft:red_carpet":31,"minecraft:deepslate_diamond_ore":26,"travelersbackpack:light_blue_sleeping_bag":1,"minecraft:glow_lichen":1,"minecraft:ladder":1,"gravestone:gravestone":38,"epicsamurai:deepslate_ruby_ore":6,"minecraft:weeping_vines":2,"minecraft:white_stained_glass":3,"iceandfire:frozen_splinters":34,"minecraft:birch_slab":10,"minecraft:spruce_leaves":109,"twilightforest:nagastone_head":2,"minecraft:large_fern":1,"minecraft:hay_block":72,"epicsamurai:onyx_ore":6,"minecraft:potted_dark_oak_sapling":1,"minecraft:spruce_sapling":4,"minecraft:carrots":82,"twilightforest:naga_trophy":1,"gamma_beasts:prehnite_ore":56,"cfm:red_sofa":7,"minecraft:gold_block":10,"minecraft:peony":33,"minecraft:nether_brick_fence":1,"minecraft:bookshelf":23,"twilightforest:cracked_nagastone_pillar":2,"minecraft:deepslate_iron_ore":63,"minecraft:lantern":20,"minecraft:packed_ice":21,"minecraft:stone":949,"twilightforest:mossy_etched_nagastone":1,"minecraft:scaffolding":1,"born_in_chaos_v1:marigolds":1,"the_pillager_legion_:legion_stone":1,"minecraft:oak_fence":3,"minecraft:spruce_door":3,"minecraft:basalt":34,"supplementaries:ashen_basalt":1,"travelersbackpack:standard":1,"epicsamurai:deepslate_aquamarine_ore":1,"minecraft:crafting_table":1,"minecraft:rose_bush":2,"minecraft:deepslate_coal_ore":4,"minecraft:quartz_bricks":28,"minecraft:lapis_ore":5,"minecraft:lily_pad":11,"twilightforest:mayapple":2,"minecraft:birch_planks":63,"minecraft:cactus":2,"minecraft:beehive":2,"minecraft:black_wall_banner":3,"minecraft:ice":114,"minecraft:white_wall_banner":1,"gamma_beasts:thin_oak_log":14,"elevatorid:elevator_white":2,"minecraft:coal_ore":219,"minecraft:cherry_leaves":66,"minecraft:flower_pot":1,"minecraft:cyan_carpet":1,"minecraft:cracked_stone_bricks":2,"minecraft:mossy_stone_bricks":3,"pots_and_mimics:treasure_pot":17,"epicsamurai:ruby_ore":2}},"DataVersion":3465}