{"stats":{"minecraft:dropped":{"minecraft:wheat_seeds":15,"minecraft:warped_roots":2,"the_pillager_legion_:legion_showel_tpl":1,"minecraft:potion":1},"minecraft:used":{"minecraft:cobblestone_stairs":54,"minecraft:flint_and_steel":213,"minecraft:poppy":10,"smallships:dark_oak_brigg":1,"minecraft:sandstone":88,"minecraft:netherrack":10,"minecraft:torch":50,"minecraft:dirt":236,"minecraft:sand":6,"minecraft:spyglass":4,"simplyswords:soulrender":34,"revampedpiles:desert_rug":1,"minecraft:allium":2,"born_in_chaos_v1:skullbreaker_hammer":10,"travelersbackpack:wolf":3,"minecraft:azure_bluet":2,"the_pillager_legion_:legion_showel_tpl":201,"minecraft:diamond_pickaxe":182,"smallships:acacia_galley":1,"minecraft:grass_block":146,"minecraft:bread":6,"mcdw:bow_winters_touch":63,"minecraft:cherry_sign":1,"born_in_chaos_v1:marigolds":8,"iceandfire:chared_cobblestone":3,"minecraft:golden_carrot":1,"variantvanillablocks:spruce_chest":2,"minecraft:pumpkin_pie":2,"minecraft:dandelion":2,"minecraft:cherry_log":8,"farmersdelight:hamburger":4},"minecraft:broken":{"minecraft:diamond_boots":1,"minecraft:diamond_chestplate":1},"minecraft:custom":{"minecraft:mob_kills":31,"minecraft:open_barrel":23,"minecraft:leave_game":8,"minecraft:time_since_death":3159,"minecraft:sleep_in_bed":7,"minecraft:climb_one_cm":10512,"minecraft:time_since_rest":3419,"minecraft:damage_absorbed":2721,"minecraft:sprint_one_cm":264294,"minecraft:damage_taken":688,"minecraft:walk_one_cm":1334215,"minecraft:trigger_trapped_chest":2,"minecraft:drop":4,"minecraft:damage_dealt":4163,"minecraft:fly_one_cm":2056637,"minecraft:talked_to_villager":1,"minecraft:swim_one_cm":323096,"minecraft:open_chest":74,"minecraft:crouch_one_cm":5132,"minecraft:play_time":264194,"minecraft:deaths":1,"minecraft:sneak_time":5424,"minecraft:walk_under_water_one_cm":221192,"minecraft:boat_one_cm":27303,"minecraft:jump":1446,"minecraft:walk_on_water_one_cm":144560,"minecraft:total_world_time":294313,"minecraft:fall_one_cm":22812},"minecraft:killed_by":{"iceandfire:fire_dragon":1},"minecraft:crafted":{"minecraft:spruce_planks":16,"minecraft:cobblestone_stairs":48,"variantvanillablocks:spruce_chest":2,"minecraft:iron_chestplate":1,"minecraft:torch":160},"minecraft:killed":{"minecraft:husk":13,"bloodandmadness:cloaked_beast_patient":1,"minecraft:vindicator":1,"alexsmobs:seagull":1,"born_in_chaos_v1:siamese_skeletonsright":1,"minecraft:skeleton":1,"minecraft:pillager":4,"minecraft:zombie":3,"bloodandmadness:beast_patient":4,"alexsmobs:bison":1,"born_in_chaos_v1:siamese_skeletonsleft":1},"minecraft:picked_up":{"minecraft:shelter_pottery_sherd":1,"minecraft:allium":2,"minecraft:azure_bluet":2,"farmersdelight:rice":4,"minecraft:glow_ink_sac":2,"minecraft:clay_ball":3,"minecraft:prismarine_shard":3,"minecraft:andesite":1,"projectvibrantjourneys:fallen_leaves":3,"farmersdelight:rice_panicle":1,"ancient_elements:raw_lead":1,"runecraft_metals_of_gielinor:raw_tin":2,"alexsmobs:bison_fur":2,"minecraft:enchanted_book":1,"minecraft:orange_banner":1,"magistuarmory:barding":1,"gamma_beasts:green_apple":3,"gamma_beasts:oak_leaf":11,"minecraft:cobblestone_stairs":6,"minecraft:lapis_lazuli":238,"minecraft:dirt":250,"minecraft:string":5,"minecraft:white_banner":1,"born_in_chaos_v1:marigolds":8,"revampedpiles:desert_rug":1,"minecraft:bone":16,"bloodandmadness:blood_vial":3,"minecraft:wheat_seeds":68,"minecraft:gold_nugget":18,"minecraft:beef":6,"wom:moonless":1,"minecraft:cherry_sign":1,"minecraft:player_head":1,"minecraft:poppy":10,"minecraft:moss_block":1,"the_pillager_legion_:legion_showel_tpl":1,"epicsamurai:raw_silver":12,"minecraft:acacia_sapling":2,"iceandfire:chared_stone":19,"minecraft:sheaf_pottery_sherd":1,"minecraft:stick":1,"minecraft:raw_iron":27,"ancient_elements:raw_steel":5,"alexsmobs:shark_tooth":1,"runecraft_metals_of_gielinor:raw_adamantite":23,"minecraft:torch":4,"minecraft:dandelion":5,"travelersbackpack:iron_tier_upgrade":1,"epicfight:skillbook":3,"minecraft:sand":3,"minecraft:red_banner":1,"minecraft:prismarine_crystals":3,"minecraft:spider_eye":1,"minecraft:mossy_cobblestone":4,"iceandfire:chared_cobblestone":20,"minecraft:rotten_flesh":4,"minecraft:snort_pottery_sherd":1,"minecraft:angler_pottery_sherd":1,"runecraft_metals_of_gielinor:raw_mithril":3,"knightquest:small_essence":1,"minecraft:crossbow":1,"minecraft:bread":1,"minecraft:emerald":43,"minecraft:warped_roots":2,"minecraft:black_banner":3,"projectvibrantjourneys:orange_bark_mushroom":1,"iceandfire:raw_silver":1,"minecraft:rail":6,"minecraft:cobblestone":40,"minecraft:oxeye_daisy":1},"minecraft:mined":{"ancient_elements:steel_ore":2,"born_in_chaos_v1:marigolds":8,"minecraft:mossy_cobblestone":5,"minecraft:cobblestone_stairs":6,"minecraft:red_banner":1,"minecraft:dandelion":2,"projectvibrantjourneys:rocks":1,"projectvibrantjourneys:twigs":1,"minecraft:allium":2,"minecraft:emerald_ore":16,"minecraft:grass_block":78,"epicsamurai:silver_ore":7,"minecraft:poppy":10,"minecraft:decorated_pot":1,"minecraft:tall_grass":5,"minecraft:lapis_ore":18,"minecraft:moss_block":1,"minecraft:spawner":2,"runecraft_metals_of_gielinor:adamantite_ore":24,"runecraft_metals_of_gielinor:mithril_ore":3,"minecraft:iron_ore":11,"minecraft:black_wall_banner":3,"minecraft:andesite":1,"minecraft:white_wall_banner":1,"minecraft:azure_bluet":2,"minecraft:grass":29,"revampedpiles:desert_rug":1,"projectvibrantjourneys:short_grass":8,"minecraft:dirt":178,"minecraft:stone":42,"minecraft:stone_bricks":1,"minecraft:orange_wall_banner":1,"minecraft:player_head":1,"pots_and_mimics:treasure_pot":1,"iceandfire:chared_stone":20,"iceandfire:chared_cobblestone":20}},"DataVersion":3465}