{"stats":{"minecraft:picked_up":{"minecraft:allium":2,"minecraft:azure_bluet":2,"farmersdelight:rice":4,"projectvibrantjourneys:fallen_leaves":3,"alexsmobs:shark_tooth":1,"minecraft:torch":1,"minecraft:dandelion":4,"farmersdelight:rice_panicle":1,"travelersbackpack:iron_tier_upgrade":1,"epicfight:skillbook":2,"minecraft:enchanted_book":1,"magistuarmory:barding":1,"minecraft:sand":3,"gamma_beasts:green_apple":3,"gamma_beasts:oak_leaf":11,"minecraft:dirt":21,"minecraft:spider_eye":1,"minecraft:string":5,"born_in_chaos_v1:marigolds":8,"revampedpiles:desert_rug":1,"minecraft:bone":14,"minecraft:rotten_flesh":2,"minecraft:wheat_seeds":41,"wom:moonless":1,"minecraft:poppy":10,"minecraft:cherry_sign":1,"minecraft:warped_roots":2,"projectvibrantjourneys:orange_bark_mushroom":1,"minecraft:acacia_sapling":2,"minecraft:cobblestone":6,"minecraft:oxeye_daisy":1},"minecraft:used":{"the_pillager_legion_:legion_showel_tpl":8,"minecraft:diamond_pickaxe":6,"smallships:acacia_galley":1,"minecraft:cobblestone_stairs":4,"minecraft:flint_and_steel":213,"minecraft:poppy":10,"minecraft:grass_block":146,"minecraft:bread":3,"smallships:dark_oak_brigg":1,"minecraft:sandstone":88,"minecraft:cherry_sign":1,"born_in_chaos_v1:marigolds":8,"minecraft:netherrack":10,"minecraft:torch":1,"minecraft:spyglass":2,"minecraft:dirt":5,"minecraft:sand":6,"simplyswords:soulrender":2,"born_in_chaos_v1:skullbreaker_hammer":1,"minecraft:allium":2,"revampedpiles:desert_rug":1,"minecraft:dandelion":2,"travelersbackpack:wolf":1,"minecraft:cherry_log":8,"minecraft:azure_bluet":2},"minecraft:mined":{"born_in_chaos_v1:marigolds":8,"minecraft:dandelion":2,"minecraft:azure_bluet":2,"minecraft:poppy":10,"minecraft:allium":2,"minecraft:grass":10,"revampedpiles:desert_rug":1,"minecraft:grass_block":22,"projectvibrantjourneys:short_grass":4,"minecraft:stone":6},"minecraft:custom":{"minecraft:time_since_rest":0,"minecraft:sprint_one_cm":77732,"minecraft:damage_absorbed":17,"minecraft:damage_taken":10,"minecraft:walk_one_cm":627789,"minecraft:mob_kills":1,"minecraft:trigger_trapped_chest":2,"minecraft:drop":1,"minecraft:damage_dealt":240,"minecraft:talked_to_villager":1,"minecraft:fly_one_cm":1857446,"minecraft:open_barrel":3,"minecraft:open_chest":22,"minecraft:crouch_one_cm":2544,"minecraft:play_time":169771,"minecraft:sneak_time":3447,"minecraft:walk_under_water_one_cm":14965,"minecraft:boat_one_cm":27303,"minecraft:jump":569,"minecraft:leave_game":4,"minecraft:time_since_death":169771,"minecraft:walk_on_water_one_cm":17383,"minecraft:sleep_in_bed":2,"minecraft:total_world_time":199890,"minecraft:climb_one_cm":2551,"minecraft:fall_one_cm":3595},"minecraft:dropped":{"minecraft:warped_roots":2},"minecraft:killed":{"minecraft:pillager":1},"minecraft:crafted":{"minecraft:cobblestone_stairs":4}},"DataVersion":3465}