{"stats":{"minecraft:picked_up":{"minecraft:allium":2,"minecraft:azure_bluet":2,"farmersdelight:rice":4,"minecraft:andesite":1,"projectvibrantjourneys:fallen_leaves":3,"farmersdelight:rice_panicle":1,"minecraft:enchanted_book":1,"magistuarmory:barding":1,"gamma_beasts:green_apple":3,"gamma_beasts:oak_leaf":11,"minecraft:lapis_lazuli":191,"minecraft:string":5,"minecraft:dirt":133,"born_in_chaos_v1:marigolds":8,"revampedpiles:desert_rug":1,"minecraft:bone":14,"minecraft:wheat_seeds":43,"wom:moonless":1,"minecraft:cherry_sign":1,"minecraft:poppy":10,"minecraft:moss_block":1,"minecraft:acacia_sapling":2,"minecraft:stick":1,"minecraft:raw_iron":27,"ancient_elements:raw_steel":5,"runecraft_metals_of_gielinor:raw_adamantite":15,"minecraft:dandelion":4,"minecraft:torch":1,"alexsmobs:shark_tooth":1,"travelersbackpack:iron_tier_upgrade":1,"epicfight:skillbook":3,"minecraft:sand":3,"minecraft:spider_eye":1,"minecraft:mossy_cobblestone":4,"minecraft:rotten_flesh":2,"runecraft_metals_of_gielinor:raw_mithril":3,"minecraft:crossbow":1,"knightquest:small_essence":1,"minecraft:bread":1,"minecraft:warped_roots":2,"projectvibrantjourneys:orange_bark_mushroom":1,"minecraft:cobblestone":10,"minecraft:oxeye_daisy":1},"minecraft:used":{"minecraft:cobblestone_stairs":4,"minecraft:flint_and_steel":213,"minecraft:poppy":10,"smallships:dark_oak_brigg":1,"minecraft:sandstone":88,"minecraft:netherrack":10,"minecraft:torch":5,"minecraft:sand":6,"minecraft:dirt":56,"minecraft:spyglass":2,"simplyswords:soulrender":12,"revampedpiles:desert_rug":1,"minecraft:allium":2,"born_in_chaos_v1:skullbreaker_hammer":3,"travelersbackpack:wolf":1,"minecraft:azure_bluet":2,"the_pillager_legion_:legion_showel_tpl":89,"smallships:acacia_galley":1,"minecraft:diamond_pickaxe":61,"minecraft:grass_block":146,"minecraft:bread":4,"mcdw:bow_winters_touch":4,"minecraft:cherry_sign":1,"born_in_chaos_v1:marigolds":8,"minecraft:golden_carrot":1,"variantvanillablocks:spruce_chest":2,"minecraft:dandelion":2,"minecraft:cherry_log":8},"minecraft:mined":{"ancient_elements:steel_ore":2,"born_in_chaos_v1:marigolds":8,"minecraft:mossy_cobblestone":5,"minecraft:dandelion":2,"projectvibrantjourneys:twigs":1,"minecraft:allium":2,"minecraft:grass_block":25,"minecraft:poppy":10,"minecraft:tall_grass":4,"minecraft:lapis_ore":12,"minecraft:moss_block":1,"runecraft_metals_of_gielinor:adamantite_ore":16,"runecraft_metals_of_gielinor:mithril_ore":3,"minecraft:iron_ore":10,"minecraft:andesite":1,"minecraft:azure_bluet":2,"minecraft:grass":23,"revampedpiles:desert_rug":1,"projectvibrantjourneys:short_grass":5,"minecraft:dirt":115,"minecraft:stone":11},"minecraft:custom":{"minecraft:mob_kills":6,"minecraft:open_barrel":9,"minecraft:leave_game":4,"minecraft:time_since_death":193771,"minecraft:sleep_in_bed":3,"minecraft:climb_one_cm":3975,"minecraft:time_since_rest":4966,"minecraft:walk_one_cm":771026,"minecraft:sprint_one_cm":165452,"minecraft:damage_taken":10,"minecraft:damage_absorbed":176,"minecraft:trigger_trapped_chest":2,"minecraft:drop":1,"minecraft:damage_dealt":1249,"minecraft:fly_one_cm":1938115,"minecraft:swim_one_cm":232919,"minecraft:talked_to_villager":1,"minecraft:open_chest":42,"minecraft:crouch_one_cm":2583,"minecraft:play_time":193771,"minecraft:sneak_time":3792,"minecraft:walk_under_water_one_cm":106022,"minecraft:boat_one_cm":27303,"minecraft:jump":838,"minecraft:walk_on_water_one_cm":28780,"minecraft:total_world_time":223890,"minecraft:fall_one_cm":8846},"minecraft:dropped":{"minecraft:warped_roots":2},"minecraft:killed":{"minecraft:vindicator":1,"alexsmobs:seagull":1,"minecraft:pillager":4},"minecraft:crafted":{"minecraft:spruce_planks":16,"minecraft:cobblestone_stairs":4,"variantvanillablocks:spruce_chest":2}},"DataVersion":3465}