{"stats":{"minecraft:used":{"mcda:emerald_gear_helmet":1,"minecraft:beetroot":1,"revampedpiles:cobblestone_roof":10,"cozy_home:dark_oak_sink_counter":1,"iceandfire:dragon_skull_ice":3,"minecraft:spruce_slab":371,"minecraft:ladder":8,"minecraft:chest":2,"minecraft:brown_concrete":14,"soul_like_armors_reworked:darkknightsword":354,"minecraft:rotten_flesh":21,"minecraft:azure_bluet":1,"minecraft:lava_bucket":1,"minecraft:birch_sapling":40,"cozy_home:dark_oak_storage_counter":1,"minecraft:pink_wool":8,"minecraft:furnace":3,"minecraft:egg":3,"minecraft:potato":49,"projectvibrantjourneys:rocks":1,"minecraft:spruce_door":7,"the_pillager_legion_:republican_gmaduis_tpl":36,"minecraft:composter":3,"minecraft:golden_apple":1,"minecraft:sand":24,"minecraft:blast_furnace":2,"minecraft:pumpkin_seeds":18,"undergarden:deepsoil":1,"minecraft:birch_fence":34,"minecraft:birch_slab":145,"minecraft:soul_lantern":5,"minecraft:diamond_sword":606,"globalxp:xp_block":2,"minecraft:smithing_table":1,"minecraft:dark_oak_fence":2,"minecraft:armor_stand":14,"cozy_home:dark_oak_counter":1,"oresabovediamonds:amethyst_sword":70,"minecraft:torch":173,"minecraft:brewing_stand":1,"minecraft:anvil":1,"projectvibrantjourneys:fallen_leaves":4,"soul_like_armors_reworked:dagger":25,"iceandfire:podium_dark_oak":2,"minecraft:iron_axe":584,"minecraft:barrel":9,"minecraft:melon_seeds":11,"cfm:red_sofa":11,"hamsters:hamster":4,"minecraft:golden_axe":27,"minecraft:wheat_seeds":70,"minecraft:water_bucket":104,"minecraft:birch_planks":197,"minecraft:cauldron":2,"wom:diamond_legbottomseal":3,"minecraft:mossy_cobblestone":16,"minecraft:crafting_table":3,"born_in_chaos_v1:skullbreaker_hammer":431,"minecraft:spruce_log":190,"gamma_beasts:fried_egg":2,"minecraft:diamond_pickaxe":9,"minecraft:iron_pickaxe":1785,"alexscaves:extinction_spear":70,"minecraft:spruce_trapdoor":1,"minecraft:spruce_sapling":69,"minecraft:cobblestone":90,"minecraft:potion":2,"travelersbackpack:standard":10,"minecraft:cooked_porkchop":12,"minecraft:glass_pane":160,"minecraft:dandelion":1,"travelersbackpack:horse":1,"minecraft:iron_shovel":868,"oresabovediamonds:netherite_opal_sword":32,"minecraft:carrot":86,"minecraft:tuff":6,"minecraft:axolotl_bucket":2,"minecraft:milk_bucket":1,"minecraft:glass":60,"born_in_chaos_v1:corpse_maggot":17,"minecraft:lantern":13,"mcdw:bow_winters_touch":84,"minecraft:iron_helmet":1,"minecraft:light_blue_bed":6,"minecraft:stone_bricks":6,"minecraft:red_carpet":1,"minecraft:hay_block":54,"minecraft:written_book":5,"minecraft:beetroot_seeds":80,"iceandfire:armor_white_leggings":2,"iceandfire:armor_bronze_boots":1,"twilightforest:naga_trophy":1,"epicfight:skillbook":13,"minecraft:birch_leaves":45,"minecraft:stone_pickaxe":215,"minecraft:sugar_cane":38,"variantvanillablocks:birch_chest":24,"minecraft:white_wool":44,"undergarden:wigglewood_sapling":2,"minecraft:shears":45,"minecraft:bread":167,"minecraft:cyan_bed":4,"undergarden:wigglewood_log":7,"variantvanillablocks:spruce_chest":2,"iceandfire:dragon_skull_fire":5,"minecraft:grindstone":2,"minecraft:tropical_fish_bucket":1,"minecraft:bone_meal":43,"minecraft:golden_pickaxe":34,"minecraft:experience_bottle":4,"simplyswords:iron_claymore":194,"minecraft:flint_and_steel":1,"minecraft:stone_shovel":422,"minecraft:spruce_planks":2,"gamma_beasts:green_apple":25,"soul_like_armors_reworked:estusflask":32,"minecraft:stone_hoe":119,"gamma_beasts:strawberry":2,"iceandfire:armor_copper_metal_boots":1,"minecraft:dirt":895,"mcda:emerald_gear_boots":2,"minecraft:white_carpet":19,"minecraft:spruce_fence":28,"minecraft:wooden_axe":27,"alexsmobs:maggot":7,"minecraft:iron_boots":1,"projectvibrantjourneys:cattail":1,"minecraft:cooked_beef":22,"minecraft:light_gray_bed":2,"minecraft:iron_leggings":2,"minecraft:baked_potato":71,"minecraft:birch_boat":9,"minecraft:stonecutter":1,"travelersbackpack:wolf":29,"minecraft:smoker":1,"minecraft:flower_pot":4,"minecraft:black_wool":2,"minecraft:apple":28,"minecraft:stone_axe":121,"minecraft:white_banner":3,"minecraft:bucket":105,"minecraft:pumpkin_pie":2,"minecraft:birch_stairs":48},"minecraft:dropped":{"minecraft:cooked_beef":1,"wom:diamond_legbottomseal":1,"minecraft:glass_bottle":3,"soul_like_armors_reworked:dark_knight_boots":2,"born_in_chaos_v1:nightmare_claw":1,"projectvibrantjourneys:orange_bark_mushroom":3,"minecraft:red_carpet":1,"minecraft:item_frame":3,"born_in_chaos_v1:monster_flesh":2,"minecraft:dirt":162,"minecraft:grass":6,"minecraft:yellow_dye":2,"cfm:blue_sofa":2,"minecraft:bone_meal":1,"minecraft:sand":86,"minecraft:iron_pickaxe":5,"minecraft:birch_stairs":6,"minecraft:bone":2,"minecraft:stone_axe":2,"alexsmobs:animal_dictionary":4,"minecraft:wheat":1,"soul_like_armors_reworked:rustysteel_helmet":1,"minecraft:rotten_flesh":15,"minecraft:azure_bluet":1,"minecraft:ladder":1,"minecraft:painting":1,"minecraft:spruce_slab":1,"uniquedungeons:crystal_shard":2,"minecraft:glass":11,"projectvibrantjourneys:cattail":9,"born_in_chaos_v1:marigolds":1,"minecraft:brown_concrete":1,"born_in_chaos_v1:intoxicating_decoction":1,"minecraft:wheat_seeds":34,"minecraft:dripstone_block":50,"minecraft:iron_helmet":3,"minecraft:cobblestone":63,"minecraft:apple":1,"minecraft:chicken_spawn_egg":1,"minecraft:polished_andesite":1,"minecraft:iron_shovel":1,"minecraft:string":9,"minecraft:lily_pad":8,"minecraft:spruce_sapling":39,"minecraft:moss_carpet":27,"minecraft:pitcher_plant":2,"minecraft:name_tag":2,"minecraft:diamond_sword":2,"minecraft:polished_granite_stairs":2,"minecraft:cobblestone_slab":1,"soul_like_armors_reworked:darkknightsword":3,"iceandfire:frozen_splinters":34,"soul_like_armors_reworked:rustysteel_chestplate":2,"minecraft:birch_boat":2,"minecraft:bow":3,"bloodandmadness:blood_stone_shard":3,"simplyswords:iron_claymore":3,"epicfight:skillbook":6,"minecraft:moss_block":8,"minecraft:brown_mushroom":5,"minecraft:dark_oak_stairs":4,"gamma_beasts:dark_oak_leaf":1,"minecraft:baked_potato":1,"minecraft:leather":1,"twilightforest:naga_scale":5,"gamma_beasts:birch_leaf":2,"bloodandmadness:beastblood_clump":1,"travelersbackpack:standard":2,"born_in_chaos_v1:monster_skin":2,"minecraft:cornflower":1,"projectvibrantjourneys:fallen_leaves":4,"gravestone:obituary":47,"projectvibrantjourneys:bark_mushroom":4,"minecraft:gravel":1,"hangglider:hang_glider":3,"oresabovediamonds:amethyst_sword":2,"minecraft:poppy":4,"soul_like_armors_reworked:rustyshield":3,"minecraft:leather_chestplate":3,"projectvibrantjourneys:light_brown_bark_mushroom":1,"minecraft:skeleton_skull":1,"minecraft:beetroot_seeds":1,"born_in_chaos_v1:corpse_maggot":12,"soul_like_armors_reworked:dagger":1,"minecraft:azalea":6,"minecraft:chainmail_boots":2,"minecraft:arrow":62,"minecraft:scaffolding":1,"minecraft:written_book":1,"uniquedungeons:climbing_hook_item":1,"minecraft:water_bucket":3,"minecraft:bread":2,"gamma_beasts:strawberry":1,"gamma_beasts:oak_leaf":3,"gamma_beasts:coal_nugget":10,"minecraft:iron_block":1,"minecraft:smooth_quartz":2,"minecraft:iron_door":1,"minecraft:iron_leggings":1,"minecraft:polished_andesite_stairs":3,"minecraft:iron_axe":2,"minecraft:dandelion":1,"alexsmobs:maggot":4,"iceandfire:witherbone":1,"minecraft:composter":1,"gamma_beasts:green_apple":4,"soul_like_armors_reworked:darkknighttrident":1,"iceandfire:rotten_egg":1,"minecraft:iron_chestplate":3,"minecraft:andesite":15,"minecraft:spruce_log":64},"minecraft:custom":{"minecraft:interact_with_crafting_table":42,"minecraft:open_barrel":87,"minecraft:leave_game":34,"minecraft:time_since_death":11058,"minecraft:play_time":1400833,"minecraft:deaths":45,"minecraft:jump":10854,"minecraft:interact_with_furnace":37,"minecraft:sleep_in_bed":64,"minecraft:damage_dealt":85984,"minecraft:interact_with_smoker":1,"minecraft:horse_one_cm":34632,"minecraft:interact_with_anvil":11,"minecraft:damage_dealt_absorbed":288,"minecraft:sneak_time":37288,"minecraft:interact_with_blast_furnace":7,"minecraft:total_world_time":1401000,"minecraft:interact_with_stonecutter":1,"minecraft:time_since_rest":11113,"minecraft:swim_one_cm":187253,"minecraft:fly_one_cm":5450629,"minecraft:open_chest":606,"minecraft:fall_one_cm":186714,"minecraft:animals_bred":4,"minecraft:damage_resisted":12,"minecraft:sprint_one_cm":3509192,"minecraft:drop":284,"minecraft:talked_to_villager":1,"minecraft:interact_with_brewingstand":1,"minecraft:walk_on_water_one_cm":156392,"minecraft:player_kills":1,"minecraft:crouch_one_cm":104308,"minecraft:mob_kills":409,"minecraft:fill_cauldron":2,"minecraft:damage_dealt_resisted":5530,"minecraft:climb_one_cm":108721,"minecraft:walk_one_cm":14416230,"minecraft:walk_under_water_one_cm":53656,"minecraft:boat_one_cm":223193,"minecraft:raid_trigger":1,"minecraft:pot_flower":3,"minecraft:damage_taken":29782,"minecraft:damage_absorbed":40},"minecraft:killed":{"minecraft:cave_spider":7,"born_in_chaos_v1:baby_skeleton_minion":7,"minecraft:skeleton":40,"bloodandmadness:beast_patient":7,"born_in_chaos_v1:supreme_bonescaller_stage_2":1,"farlanders:rebel":3,"minecraft:pillager":6,"minecraft:zombie":63,"born_in_chaos_v1:corpse_fly":3,"born_in_chaos_v1:door_knight":2,"minecraft:cow":17,"bloodandmadness:cloaked_beast_patient":2,"minecraft:horse":8,"twilightforest:death_tome":17,"minecraft:husk":32,"born_in_chaos_v1:bone_imp_minion":10,"twilightforest:kobold":2,"minecraft:wandering_trader":1,"born_in_chaos_v1:decrepit_skeleton":6,"iceandfire:ice_dragon":2,"the_pillager_legion_:infantryman_tpl":30,"minecraft:enderman":2,"born_in_chaos_v1:zombie_clown":2,"minecraft:witch":3,"pots_and_mimics:pot_crab":2,"minecraft:spider":8,"minecraft:silverfish":3,"born_in_chaos_v1:bonescaller":1,"alexsmobs:grizzly_bear":2,"minecraft:creeper":4,"minecraft:sheep":5,"minecraft:trader_llama":2,"born_in_chaos_v1:dread_hound":2,"minecraft:stray":6,"alexsmobs:fly":6,"bloodandmadness:church_doctor":5,"born_in_chaos_v1:zombie_bruiser":2,"born_in_chaos_v1:maggot":41,"iceandfire:fire_dragon":1,"bloodandmadness:huntsman_axe":4,"born_in_chaos_v1:corpse_fish":2,"farlanders:looter":2,"born_in_chaos_v1:baby_skeleton":1,"iceandfire:troll":1,"the_pillager_legion_:veteran_infantryman_tpl":10,"pots_and_mimics:poison_pot_crab":1,"born_in_chaos_v1:nightmare_stalker":1,"minecraft:wither_skeleton":8,"minecraft:player":1,"minecraft:villager":1},"minecraft:picked_up":{"gamma_beasts:thin_oak_log":20,"minecraft:iron_chestplate":1,"minecraft:chainmail_boots":2,"minecraft:flower_pot":4,"minecraft:diamond_sword":3,"minecraft:lead":2,"minecraft:smithing_table":1,"twilightforest:naga_trophy":1,"minecraft:enchanted_book":1,"minecraft:brewing_stand":1,"minecraft:string":17,"born_in_chaos_v1:mesh_door":1,"minecraft:beetroot":54,"minecraft:cobbled_deepslate":462,"minecraft:spruce_planks":2,"undergarden:wigglewood_sapling":2,"minecraft:written_book":3,"hangglider:hang_glider":2,"minecraft:melon_slice":124,"the_pillager_legion_:legion_armor_helmet":1,"gamma_beasts:strawberry":3,"minecraft:composter":1,"minecraft:golden_axe":1,"minecraft:cherry_log":30,"minecraft:cauldron":3,"minecraft:light_gray_bed":2,"minecraft:red_tulip":11,"iceandfire:fire_dragon_heart":1,"minecraft:iron_block":2,"gamma_beasts:coal_nugget":90,"projectvibrantjourneys:cattail":10,"minecraft:birch_log":128,"gamma_beasts:pear":6,"minecraft:cooked_beef":3,"the_pillager_legion_:legion_sword_tpl":1,"minecraft:iron_door":1,"minecraft:birch_slab":16,"minecraft:water_bucket":1,"uniquedungeons:climbing_hook_item":2,"undergarden:deepsoil":1,"minecraft:lantern":19,"born_in_chaos_v1:marigolds":1,"minecraft:stonecutter":1,"born_in_chaos_v1:skullbreaker_hammer":1,"soul_like_armors_reworked:dark_knight_helmet":1,"soul_like_armors_reworked:rustysteel_boots":1,"minecraft:moss_block":8,"epicsamurai:raw_silver":8,"iceandfire:dragon_skull_fire":5,"alexsmobs:animal_dictionary":3,"minecraft:barrel":10,"minecraft:polished_andesite":1,"minecraft:writable_book":1,"minecraft:bread":7,"iceandfire:troll_leather_forest":1,"alexsmobs:maggot":11,"epicsamurai:ruby":2,"minecraft:dark_oak_fence":2,"iceandfire:raw_silver":27,"minecraft:crafting_table":1,"iceandfire:witherbone":8,"minecraft:leather_leggings":1,"born_in_chaos_v1:seedof_chaos":2,"minecraft:golden_pickaxe":1,"cfm:red_sofa":7,"gamma_beasts:birch_leaf":2,"gravestone:obituary":23,"epicfight:stray_pants":1,"minecraft:cornflower":6,"soul_like_armors_reworked:darkknightshield":1,"iceandfire:frozen_splinters":34,"born_in_chaos_v1:intoxicating_decoction":4,"minecraft:white_carpet":11,"minecraft:iron_shovel":2,"iceandfire:bestiary":1,"undergarden:wigglewood_log":7,"minecraft:beef":33,"minecraft:poppy":10,"minecraft:spruce_slab":50,"minecraft:birch_sapling":38,"minecraft:egg":35,"minecraft:spruce_fence":1,"minecraft:carrot":180,"iceandfire:dragon_skull_ice":3,"minecraft:polished_granite_stairs":2,"minecraft:beetroot_seeds":139,"minecraft:deepslate_bricks":1,"minecraft:hay_block":54,"minecraft:gold_ingot":8,"minecraft:mutton":7,"minecraft:white_wool":75,"minecraft:birch_leaves":45,"born_in_chaos_v1:monster_flesh":2,"projectvibrantjourneys:icicle":1,"minecraft:yellow_dye":1,"soul_like_armors_reworked:darkknighttrident":1,"minecraft:brown_concrete":100,"minecraft:oak_log":9,"minecraft:lily_pad":21,"minecraft:paper":100,"minecraft:white_banner":3,"minecraft:apple":1,"minecraft:stone_bricks":2,"minecraft:glass_bottle":1,"epicsamurai:aquamarine":6,"minecraft:dark_oak_stairs":4,"minecraft:polished_andesite_stairs":3,"epicfight:stone_greatsword":1,"minecraft:gravel":1,"minecraft:birch_stairs":17,"minecraft:spruce_sapling":170,"minecraft:spruce_log":331,"travelersbackpack:wolf":15,"travelersbackpack:standard":6,"minecraft:stone_axe":1,"minecraft:painting":2,"iceandfire:ice_dragon_flesh":5,"minecraft:baked_potato":58,"projectvibrantjourneys:orange_bark_mushroom":7,"minecraft:melon_seeds":1,"minecraft:ender_pearl":3,"minecraft:wheat":28,"minecraft:lapis_block":2,"soul_like_armors_reworked:rustysteel_chestplate":3,"minecraft:raw_copper":60,"minecraft:smooth_stone_slab":2,"minecraft:armor_stand":12,"minecraft:iron_leggings":4,"minecraft:oak_sign":2,"uniquedungeons:crystal_shard":2,"minecraft:rose_bush":4,"minecraft:cobblestone_slab":2,"minecraft:azalea":6,"soul_like_armors_reworked:dagger":1,"minecraft:smooth_quartz":4,"minecraft:iron_pickaxe":8,"minecraft:tipped_arrow":8,"minecraft:stick":126,"born_in_chaos_v1:phantom_powder":1,"minecraft:torch":53,"iceandfire:dragonscales_white":52,"epicfight:skillbook":14,"oresabovediamonds:amethyst_sword":1,"gamma_beasts:fried_egg":2,"iceandfire:rotten_egg":2,"born_in_chaos_v1:nightmare_claw":1,"minecraft:cactus":10,"minecraft:rotten_flesh":36,"bloodandmadness:blood_stone_shard":4,"minecraft:cobblestone":605,"minecraft:leather_chestplate":4,"minecraft:lilac":2,"minecraft:andesite":15,"projectvibrantjourneys:fallen_leaves":12,"gamma_beasts:prehnite":35,"minecraft:potato":62,"minecraft:tuff":6,"gamma_beasts:oak_leaf":30,"projectvibrantjourneys:rocks":1,"minecraft:lapis_lazuli":42,"minecraft:dirt":1727,"iceandfire:dragonscales_bronze":24,"born_in_chaos_v1:monster_skin":3,"minecraft:glass":2,"minecraft:bone":106,"minecraft:bow":3,"minecraft:wheat_seeds":176,"minecraft:raw_gold":21,"minecraft:grindstone":2,"wom:diamond_legbottomseal":1,"minecraft:cooked_porkchop":12,"minecraft:sand":277,"minecraft:cyan_bed":4,"iceandfire:podium_dark_oak":2,"minecraft:mossy_cobblestone":16,"soul_like_armors_reworked:dark_knight_boots":2,"minecraft:sugar":2,"minecraft:soul_lantern":2,"minecraft:crossbow":1,"minecraft:grass":6,"minecraft:bone_meal":2,"minecraft:emerald":9,"iceandfire:silver_nugget":288,"minecraft:azure_bluet":2,"minecraft:allium":8,"minecraft:ladder":3,"minecraft:turtle_helmet":1,"minecraft:brown_mushroom":6,"minecraft:gold_block":6,"soul_like_armors_reworked:darkknightsword":4,"minecraft:moss_carpet":27,"minecraft:iron_axe":2,"minecraft:item_frame":3,"bloodandmadness:blood_vial":17,"minecraft:sugar_cane":38,"iceandfire:ice_dragon_heart":1,"minecraft:raw_iron":155,"iceandfire:dragonbone":30,"gamma_beasts:dark_oak_leaf":1,"projectvibrantjourneys:bark_mushroom":5,"twilightforest:twilight_oak_chest":1,"soul_like_armors_reworked:rustysteel_helmet":2,"minecraft:light_blue_bed":6,"bloodandmadness:beastblood_clump":3,"soul_like_armors_reworked:estusflask":62,"minecraft:arrow":16,"bloodandmadness:sanguisteel_nugget":4,"the_pillager_legion_:legion_armor_boots":2,"minecraft:skeleton_skull":3,"born_in_chaos_v1:corpse_maggot":33,"minecraft:air":0,"minecraft:leather":57,"minecraft:birch_planks":59,"simplyswords:iron_claymore":6,"gamma_beasts:green_apple":50,"minecraft:chainmail_chestplate":1,"minecraft:cobblestone_wall":1,"minecraft:red_carpet":2,"soul_like_armors_reworked:rustyshield":6,"minecraft:iron_ingot":9,"the_pillager_legion_:legion_deep":1,"iceandfire:fire_dragon_flesh":3,"minecraft:book":19,"projectvibrantjourneys:light_brown_bark_mushroom":18,"minecraft:tropical_fish_bucket":1,"minecraft:scaffolding":1,"minecraft:pumpkin":40,"minecraft:birch_boat":6,"minecraft:pitcher_plant":2,"minecraft:stone_brick_slab":2,"minecraft:dandelion":6,"minecraft:dripstone_block":50,"minecraft:blast_furnace":2,"minecraft:spruce_door":2,"minecraft:spider_eye":3,"minecraft:pumpkin_seeds":5,"soul_like_armors_reworked:dark_knight_chestplate":1,"minecraft:iron_helmet":5,"soul_like_armors_reworked:rustysteel_leggings":1,"minecraft:coal":221,"variantvanillablocks:birch_chest":4},"minecraft:crafted":{"minecraft:smooth_stone":4,"epicsamurai:silver_ingot":132,"globalxp:xp_block":2,"minecraft:birch_boat":5,"minecraft:birch_slab":132,"minecraft:iron_bars":16,"minecraft:glass":213,"iceandfire:armor_silver_metal_chestplate":1,"minecraft:melon_seeds":10,"iceandfire:armor_copper_metal_chestplate":1,"minecraft:black_wool":2,"travelersbackpack:standard":1,"minecraft:spruce_door":3,"minecraft:copper_ingot":45,"minecraft:golden_leggings":1,"iceandfire:armor_white_helmet":1,"minecraft:iron_pickaxe":8,"iceandfire:armor_white_chestplate":1,"minecraft:gold_ingot":36,"minecraft:composter":3,"minecraft:birch_stairs":52,"hangglider:glider_framework":2,"minecraft:stone_shovel":4,"minecraft:smooth_stone_slab":6,"minecraft:leather_leggings":1,"iceandfire:armor_copper_metal_leggings":1,"minecraft:bone_meal":48,"hangglider:glider_wing":4,"minecraft:spruce_fence":27,"minecraft:white_carpet":6,"iceandfire:armor_copper_metal_helmet":1,"travelersbackpack:white_sleeping_bag":1,"minecraft:ladder":6,"minecraft:spruce_slab":354,"minecraft:stone_pickaxe":2,"iceandfire:armor_silver_metal_boots":1,"minecraft:golden_helmet":1,"mcda:emerald_gear_boots":1,"minecraft:leather_helmet":1,"iceandfire:armor_white_leggings":1,"minecraft:wooden_axe":1,"minecraft:iron_shovel":1,"minecraft:iron_leggings":2,"minecraft:armor_stand":2,"iceandfire:armor_bronze_leggings":1,"mcda:emerald_gear_leggings":1,"minecraft:oak_planks":56,"minecraft:barrel":2,"hangglider:hang_glider":2,"mcda:emerald_gear_chestplate":1,"minecraft:stone":7,"iceandfire:armor_copper_metal_boots":1,"minecraft:iron_boots":2,"iceandfire:armor_silver_metal_leggings":1,"minecraft:chest":2,"minecraft:stone_hoe":1,"minecraft:golden_boots":1,"minecraft:crafting_table":2,"minecraft:spruce_planks":264,"minecraft:iron_helmet":1,"minecraft:red_wool":13,"iceandfire:armor_white_boots":1,"minecraft:birch_planks":500,"minecraft:pumpkin_seeds":16,"minecraft:spruce_trapdoor":2,"minecraft:iron_chestplate":4,"minecraft:diamond_pickaxe":1,"minecraft:pink_wool":8,"minecraft:yellow_dye":1,"minecraft:stick":24,"minecraft:birch_fence":36,"mcda:emerald_gear_helmet":1,"minecraft:iron_ingot":72,"iceandfire:armor_bronze_helmet":1,"minecraft:shears":1,"cfm:red_sofa":4,"minecraft:leather_boots":1,"minecraft:golden_chestplate":1,"cfm:blue_sofa":2,"minecraft:furnace":1,"minecraft:glass_pane":160,"variantvanillablocks:spruce_chest":3,"minecraft:iron_axe":1,"iceandfire:armor_bronze_chestplate":1,"revampedpiles:cobblestone_roof":12,"minecraft:red_dye":23,"iceandfire:armor_bronze_boots":1,"travelersbackpack:backpack_tank":2,"minecraft:bucket":2,"minecraft:stone_axe":1,"minecraft:blue_dye":5,"variantvanillablocks:birch_chest":20,"minecraft:blue_wool":5,"minecraft:torch":120},"minecraft:mined":{"minecraft:dark_oak_planks":4,"undergarden:wigglewood_log":7,"iceandfire:podium_dark_oak":2,"minecraft:cherry_log":47,"epicsamurai:silver_ore":8,"twilightforest:twilight_oak_chest":1,"minecraft:light_gray_bed":2,"minecraft:deepslate_bricks":1,"minecraft:spawner":6,"minecraft:fire":3,"minecraft:barrel":10,"minecraft:pumpkin":40,"minecraft:moss_carpet":3,"minecraft:deepslate_lapis_ore":2,"minecraft:dirt_path":43,"minecraft:iron_block":1,"minecraft:torch":3,"projectvibrantjourneys:twigs":11,"minecraft:blast_furnace":2,"minecraft:melon":22,"minecraft:cyan_bed":6,"projectvibrantjourneys:fallen_leaves":6,"minecraft:sugar_cane":14,"minecraft:birch_sapling":1,"minecraft:chain":2,"minecraft:wheat":25,"minecraft:lilac":2,"undergarden:deepsoil":1,"minecraft:potted_poppy":2,"minecraft:grass":275,"projectvibrantjourneys:short_grass":41,"minecraft:smooth_quartz":2,"uniquedungeons:crystal":1,"minecraft:stonecutter":1,"minecraft:deepslate":298,"uniquedungeons:empty_urn":1,"minecraft:attached_pumpkin_stem":1,"minecraft:brown_concrete":96,"iceandfire:silver_ore":28,"minecraft:mossy_cobblestone":16,"projectvibrantjourneys:rocks":6,"minecraft:dark_oak_fence":2,"minecraft:allium":5,"the_pillager_legion_:legion_cut_deep_3":3,"minecraft:moss_block":13,"minecraft:andesite":6,"minecraft:potatoes":16,"minecraft:cobblestone_slab":1,"minecraft:white_wool":13,"minecraft:potted_allium":1,"minecraft:smithing_table":1,"minecraft:birch_stairs":11,"minecraft:glass_pane":16,"minecraft:stone_brick_slab":2,"minecraft:dandelion":4,"gamma_beasts:abedul_hoja_1":1,"minecraft:cornflower":5,"minecraft:tall_grass":73,"minecraft:copper_ore":11,"minecraft:deepslate_gold_ore":9,"minecraft:light_blue_bed":6,"minecraft:cobblestone_wall":1,"minecraft:white_carpet":6,"minecraft:torchflower":1,"minecraft:spruce_log":333,"minecraft:birch_leaves":62,"iceandfire:silver_pile":56,"minecraft:mycelium":1,"minecraft:dripstone_block":49,"minecraft:cobweb":3,"minecraft:stone_bricks":9,"minecraft:gold_ore":12,"minecraft:fern":3,"minecraft:spruce_planks":2,"minecraft:brewing_stand":1,"minecraft:grass_block":1065,"minecraft:composter":1,"minecraft:iron_ore":130,"minecraft:azure_bluet":1,"minecraft:dark_oak_stairs":2,"minecraft:red_tulip":12,"minecraft:iron_bars":1,"minecraft:spruce_slab":48,"projectvibrantjourneys:cattail":15,"minecraft:melon_stem":1,"minecraft:soul_lantern":2,"minecraft:clay":19,"iceandfire:dragon_ice_spikes":152,"minecraft:poppy":3,"minecraft:cobblestone":23,"minecraft:grindstone":2,"minecraft:iron_door":1,"minecraft:wall_torch":8,"minecraft:cauldron":3,"minecraft:seagrass":4,"minecraft:lapis_block":2,"minecraft:birch_log":127,"epicsamurai:aquamarine_ore":5,"projectvibrantjourneys:bones":2,"minecraft:smooth_stone_slab":1,"minecraft:beetroots":59,"minecraft:sand":278,"variantvanillablocks:birch_chest":4,"minecraft:dirt":561,"undergarden:wigglewood_sapling":1,"minecraft:oak_leaves":2,"minecraft:red_carpet":1,"minecraft:tuff":5,"travelersbackpack:light_blue_sleeping_bag":1,"minecraft:ladder":1,"gravestone:gravestone":32,"minecraft:weeping_vines":1,"iceandfire:frozen_splinters":34,"minecraft:birch_slab":10,"minecraft:spruce_leaves":99,"minecraft:large_fern":1,"minecraft:hay_block":54,"minecraft:potted_dark_oak_sapling":1,"minecraft:carrots":49,"twilightforest:naga_trophy":1,"gamma_beasts:prehnite_ore":35,"cfm:red_sofa":7,"minecraft:gold_block":6,"minecraft:deepslate_iron_ore":23,"minecraft:lantern":13,"minecraft:stone":645,"minecraft:scaffolding":1,"the_pillager_legion_:legion_stone":1,"minecraft:spruce_door":2,"travelersbackpack:standard":1,"epicsamurai:deepslate_aquamarine_ore":1,"minecraft:crafting_table":1,"minecraft:rose_bush":2,"minecraft:lapis_ore":4,"minecraft:lily_pad":8,"twilightforest:mayapple":2,"minecraft:birch_planks":60,"minecraft:cactus":2,"minecraft:ice":114,"minecraft:white_wall_banner":1,"gamma_beasts:thin_oak_log":12,"minecraft:coal_ore":197,"minecraft:flower_pot":1,"minecraft:cyan_carpet":1,"minecraft:mossy_stone_bricks":3,"pots_and_mimics:treasure_pot":9,"epicsamurai:ruby_ore":2},"minecraft:broken":{"minecraft:iron_boots":1,"minecraft:iron_chestplate":2,"minecraft:iron_leggings":2,"iceandfire:armor_silver_metal_leggings":1,"minecraft:iron_axe":2,"minecraft:iron_pickaxe":7,"minecraft:iron_helmet":2,"minecraft:iron_shovel":3,"minecraft:stone_pickaxe":1,"minecraft:stone_shovel":3,"minecraft:golden_axe":1,"minecraft:golden_pickaxe":1},"minecraft:killed_by":{"twilightforest:death_tome":1,"minecraft:zombie":9,"alexsmobs:grizzly_bear":2,"minecraft:vex":1,"minecraft:husk":2,"minecraft:stray":1,"creeperoverhaul:spruce_creeper":1,"minecraft:wither_skeleton":2,"iceandfire:cyclops":2,"the_pillager_legion_:veteran_infantryman_tpl":1,"iceandfire:ice_dragon":14,"born_in_chaos_v1:supreme_bonescaller_stage_2":1,"farlanders:looter":1,"minecraft:player":1,"born_in_chaos_v1:bloody_gadfly":1,"minecraft:spider":2}},"DataVersion":3465}