{"stats":{"minecraft:dropped":{"minecraft:wheat_seeds":15,"minecraft:warped_roots":2,"projectvibrantjourneys:orange_bark_mushroom":2,"the_pillager_legion_:legion_showel_tpl":1,"minecraft:potion":1,"projectvibrantjourneys:bark_mushroom":2,"minecraft:bone":2,"soul_like_armors_reworked:rustysteel_helmet":1,"projectvibrantjourneys:light_brown_bark_mushroom":1},"minecraft:used":{"minecraft:flint_and_steel":213,"minecraft:poppy":10,"smallships:dark_oak_brigg":1,"minecraft:netherrack":10,"minecraft:torch":65,"minecraft:dirt":244,"minecraft:spyglass":4,"simplyswords:soulrender":46,"revampedpiles:desert_rug":1,"minecraft:allium":2,"minecraft:azure_bluet":2,"the_pillager_legion_:legion_showel_tpl":201,"smallships:acacia_galley":1,"minecraft:grass_block":146,"mcdw:bow_winters_touch":138,"minecraft:golden_carrot":1,"iceandfire:chared_stone":10,"minecraft:cherry_log":8,"farmersdelight:hamburger":4,"minecraft:cobblestone_stairs":54,"minecraft:sandstone":88,"minecraft:sand":6,"born_in_chaos_v1:skullbreaker_hammer":16,"travelersbackpack:wolf":5,"minecraft:diamond_pickaxe":202,"minecraft:bread":13,"minecraft:cherry_sign":1,"born_in_chaos_v1:marigolds":8,"iceandfire:chared_cobblestone":3,"variantvanillablocks:spruce_chest":2,"minecraft:pumpkin_pie":7,"minecraft:dandelion":2},"minecraft:broken":{"minecraft:diamond_chestplate":1,"minecraft:iron_boots":1,"minecraft:diamond_boots":1},"minecraft:custom":{"minecraft:mob_kills":39,"minecraft:open_barrel":23,"minecraft:leave_game":8,"minecraft:time_since_death":27159,"minecraft:climb_one_cm":10512,"minecraft:sprint_one_cm":321252,"minecraft:walk_one_cm":1463132,"minecraft:drop":10,"minecraft:talked_to_villager":1,"minecraft:play_time":288194,"minecraft:deaths":1,"minecraft:sneak_time":5955,"minecraft:walk_under_water_one_cm":358121,"minecraft:boat_one_cm":27303,"minecraft:jump":1711,"minecraft:walk_on_water_one_cm":218231,"minecraft:total_world_time":318313,"minecraft:sleep_in_bed":8,"minecraft:time_since_rest":7111,"minecraft:damage_taken":1391,"minecraft:damage_absorbed":4642,"minecraft:trigger_trapped_chest":2,"minecraft:damage_dealt":5621,"minecraft:swim_one_cm":377819,"minecraft:fly_one_cm":2082705,"minecraft:open_chest":89,"minecraft:crouch_one_cm":5595,"minecraft:fall_one_cm":28163},"minecraft:killed_by":{"iceandfire:fire_dragon":1},"minecraft:crafted":{"minecraft:cobblestone_stairs":48,"variantvanillablocks:spruce_chest":2,"minecraft:spruce_planks":16,"minecraft:iron_chestplate":1,"minecraft:torch":160},"minecraft:killed":{"bloodandmadness:church_doctor":1,"born_in_chaos_v1:skeleton_demoman":1,"bloodandmadness:cloaked_beast_patient":1,"minecraft:vindicator":1,"alexsmobs:seagull":1,"born_in_chaos_v1:siamese_skeletonsright":1,"minecraft:skeleton":2,"iceandfire:fire_dragon":1,"bloodandmadness:beast_patient":4,"alexsmobs:bison":1,"born_in_chaos_v1:corpse_fish":1,"minecraft:husk":13,"minecraft:bat":1,"minecraft:pillager":4,"minecraft:zombie":5,"born_in_chaos_v1:siamese_skeletonsleft":1},"minecraft:picked_up":{"minecraft:shelter_pottery_sherd":1,"minecraft:allium":2,"minecraft:azure_bluet":2,"minecraft:clay_ball":3,"minecraft:prismarine_shard":3,"farmersdelight:rice_panicle":1,"minecraft:orange_banner":1,"minecraft:enchanted_book":2,"magistuarmory:barding":1,"minecraft:string":5,"bloodandmadness:blood_vial":3,"minecraft:gold_nugget":18,"minecraft:beef":6,"wom:moonless":1,"minecraft:player_head":1,"minecraft:poppy":10,"the_pillager_legion_:legion_showel_tpl":1,"iceandfire:dragonscales_green":69,"iceandfire:dragonbone":33,"minecraft:raw_iron":27,"minecraft:stick":1,"ancient_elements:raw_steel":13,"minecraft:sheaf_pottery_sherd":1,"projectvibrantjourneys:bark_mushroom":2,"minecraft:torch":4,"runecraft_metals_of_gielinor:raw_adamantite":23,"travelersbackpack:iron_tier_upgrade":1,"epicfight:skillbook":3,"soul_like_armors_reworked:rustysteel_helmet":1,"minecraft:prismarine_crystals":3,"epicpaladins:cryorium_gem":8,"minecraft:rotten_flesh":4,"iceandfire:fire_dragon_heart":1,"projectvibrantjourneys:cattail":1,"minecraft:black_banner":3,"minecraft:skeleton_skull":1,"minecraft:cobblestone":42,"minecraft:rail":6,"minecraft:oxeye_daisy":1,"farmersdelight:rice":4,"minecraft:glow_ink_sac":2,"minecraft:andesite":1,"projectvibrantjourneys:fallen_leaves":3,"alexsmobs:bison_fur":2,"runecraft_metals_of_gielinor:raw_tin":2,"ancient_elements:raw_lead":1,"gamma_beasts:green_apple":3,"gamma_beasts:oak_leaf":11,"minecraft:cobblestone_stairs":6,"minecraft:lapis_lazuli":250,"minecraft:dirt":250,"minecraft:white_banner":1,"born_in_chaos_v1:marigolds":8,"revampedpiles:desert_rug":1,"minecraft:bone":16,"minecraft:wheat_seeds":70,"minecraft:cherry_sign":1,"minecraft:moss_block":1,"iceandfire:fire_dragon_flesh":14,"epicsamurai:raw_silver":12,"minecraft:acacia_sapling":2,"projectvibrantjourneys:light_brown_bark_mushroom":1,"iceandfire:chared_stone":20,"epicfight:stone_greatsword":1,"alexsmobs:shark_tooth":1,"minecraft:dandelion":5,"iceandfire:dragon_skull_fire":1,"minecraft:sand":3,"minecraft:red_banner":1,"minecraft:spider_eye":1,"iceandfire:dragonegg_red":1,"minecraft:mossy_cobblestone":4,"iceandfire:chared_cobblestone":20,"minecraft:snort_pottery_sherd":1,"minecraft:diamond":2,"minecraft:angler_pottery_sherd":1,"runecraft_metals_of_gielinor:raw_mithril":3,"minecraft:crossbow":1,"knightquest:small_essence":1,"minecraft:bone_meal":1,"minecraft:warped_roots":2,"minecraft:emerald":60,"minecraft:bread":1,"projectvibrantjourneys:orange_bark_mushroom":3,"minecraft:oak_sapling":2,"iceandfire:raw_silver":1},"minecraft:mined":{"minecraft:diamond_ore":1,"minecraft:mossy_cobblestone":5,"epicpaladins:cryorium_ore":4,"minecraft:cobblestone_stairs":6,"projectvibrantjourneys:rocks":1,"minecraft:allium":2,"epicsamurai:silver_ore":7,"minecraft:grass_block":78,"minecraft:decorated_pot":1,"minecraft:moss_block":1,"minecraft:spawner":2,"minecraft:iron_ore":11,"minecraft:andesite":1,"minecraft:azure_bluet":2,"minecraft:stone":44,"minecraft:player_head":1,"iceandfire:chared_cobblestone":20,"ancient_elements:steel_ore":6,"born_in_chaos_v1:marigolds":8,"minecraft:red_banner":1,"minecraft:dandelion":2,"projectvibrantjourneys:twigs":1,"minecraft:emerald_ore":22,"minecraft:poppy":10,"minecraft:tall_grass":5,"minecraft:lapis_ore":19,"runecraft_metals_of_gielinor:adamantite_ore":24,"runecraft_metals_of_gielinor:mithril_ore":3,"minecraft:black_wall_banner":3,"minecraft:birch_leaves":1,"minecraft:white_wall_banner":1,"minecraft:grass":30,"revampedpiles:desert_rug":1,"projectvibrantjourneys:short_grass":9,"minecraft:dirt":178,"minecraft:stone_bricks":1,"minecraft:orange_wall_banner":1,"pots_and_mimics:treasure_pot":2,"iceandfire:chared_stone":21}},"DataVersion":3465}