{"stats":{"minecraft:killed_by":{"iceandfire:fire_dragon":1},"minecraft:custom":{"minecraft:interact_with_smithing_table":3,"minecraft:mob_kills":49,"minecraft:inspect_hopper":1,"minecraft:open_barrel":48,"minecraft:leave_game":11,"minecraft:time_since_death":121266,"minecraft:climb_one_cm":19828,"minecraft:sprint_one_cm":432348,"minecraft:walk_one_cm":2443384,"minecraft:drop":10,"minecraft:talked_to_villager":2,"minecraft:play_time":382301,"minecraft:deaths":1,"minecraft:sneak_time":6641,"minecraft:walk_under_water_one_cm":481563,"minecraft:boat_one_cm":27303,"minecraft:jump":2248,"minecraft:walk_on_water_one_cm":269001,"minecraft:total_world_time":412420,"minecraft:sleep_in_bed":12,"minecraft:time_since_rest":33444,"minecraft:damage_taken":1391,"minecraft:damage_absorbed":5178,"minecraft:trigger_trapped_chest":2,"minecraft:damage_dealt":8112,"minecraft:swim_one_cm":455773,"minecraft:fly_one_cm":2156033,"minecraft:open_chest":143,"minecraft:crouch_one_cm":6978,"minecraft:fall_one_cm":37295},"minecraft:crafted":{"minecraft:cobblestone_stairs":56,"variantvanillablocks:spruce_chest":2,"minecraft:spruce_planks":16,"travelersbackpack:wolf":2,"minecraft:iron_chestplate":1,"minecraft:torch":160},"minecraft:broken":{"minecraft:diamond_chestplate":1,"minecraft:iron_boots":1,"minecraft:diamond_boots":1},"minecraft:killed":{"bloodandmadness:church_doctor":1,"born_in_chaos_v1:skeleton_demoman":1,"bloodandmadness:cloaked_beast_patient":1,"minecraft:spider":1,"minecraft:vindicator":1,"alexsmobs:seagull":1,"born_in_chaos_v1:siamese_skeletonsright":1,"minecraft:skeleton":3,"iceandfire:fire_dragon":1,"bloodandmadness:beast_patient":4,"minecraft:drowned":1,"alexsmobs:bison":2,"born_in_chaos_v1:corpse_fish":1,"minecraft:husk":13,"born_in_chaos_v1:baby_skeleton":1,"minecraft:bat":1,"minecraft:pillager":4,"minecraft:zombie":7,"cataclysm:deepling":1,"born_in_chaos_v1:nightmare_stalker":1,"iceandfire:sea_serpent":1,"born_in_chaos_v1:siamese_skeletonsleft":1},"minecraft:used":{"minecraft:flint_and_steel":213,"minecraft:poppy":10,"farmersdelight:cabbage_seeds":44,"smallships:dark_oak_brigg":1,"minecraft:nether_wart":20,"minecraft:netherrack":10,"minecraft:torch":80,"minecraft:dirt":276,"minecraft:spyglass":7,"simplyswords:soulrender":64,"minecraft:carrot":107,"revampedpiles:desert_rug":1,"minecraft:allium":2,"minecraft:azure_bluet":2,"the_pillager_legion_:legion_showel_tpl":364,"projectvibrantjourneys:fallen_leaves":1,"smallships:acacia_galley":1,"minecraft:grass_block":146,"mcdw:bow_winters_touch":142,"minecraft:golden_carrot":1,"iceandfire:chared_stone":21,"projectvibrantjourneys:cattail":9,"minecraft:beetroot_seeds":38,"minecraft:potato":102,"minecraft:cherry_log":8,"farmersdelight:hamburger":4,"minecraft:wheat_seeds":177,"minecraft:cobblestone_stairs":63,"minecraft:sandstone":88,"farmersdelight:onion":88,"minecraft:sand":6,"born_in_chaos_v1:skullbreaker_hammer":24,"farmersdelight:rice":2,"travelersbackpack:wolf":6,"minecraft:pumpkin_seeds":1,"minecraft:diamond_pickaxe":260,"minecraft:bread":18,"minecraft:melon_slice":3,"minecraft:cherry_sign":1,"born_in_chaos_v1:marigolds":8,"iceandfire:chared_cobblestone":3,"minecraft:cobblestone":36,"variantvanillablocks:spruce_chest":2,"born_in_chaos_v1:river_mint":1,"minecraft:pumpkin_pie":7,"minecraft:dandelion":2},"minecraft:picked_up":{"ancient_elements:abyssal_debris":9,"minecraft:shelter_pottery_sherd":1,"minecraft:wheat":51,"minecraft:allium":2,"minecraft:azure_bluet":2,"born_in_chaos_v1:river_mint":9,"minecraft:nether_wart":59,"minecraft:clay_ball":3,"minecraft:prismarine_shard":3,"farmersdelight:rice_panicle":111,"minecraft:orange_banner":1,"minecraft:enchanted_book":3,"magistuarmory:barding":1,"minecraft:string":5,"iceandfire:sea_serpent_scales_teal":4,"minecraft:blue_orchid":2,"minecraft:beetroot":36,"bloodandmadness:blood_vial":3,"minecraft:gold_nugget":18,"minecraft:cobbled_deepslate":1,"farmersdelight:cabbage":46,"minecraft:beef":6,"wom:moonless":1,"minecraft:player_head":1,"minecraft:poppy":10,"minecraft:melon_slice":73,"the_pillager_legion_:legion_showel_tpl":1,"farmersdelight:cabbage_seeds":127,"iceandfire:dragonbone":33,"minecraft:stick":1,"minecraft:raw_iron":27,"minecraft:sheaf_pottery_sherd":1,"ancient_elements:raw_steel":13,"iceandfire:dragonscales_green":69,"projectvibrantjourneys:bark_mushroom":2,"runecraft_metals_of_gielinor:raw_adamantite":24,"minecraft:torch":4,"travelersbackpack:iron_tier_upgrade":1,"epicfight:skillbook":3,"born_in_chaos_v1:nightmare_claw":1,"born_in_chaos_v1:pieceofdarkmetal":1,"minecraft:carrot":111,"soul_like_armors_reworked:rustysteel_helmet":2,"minecraft:prismarine_crystals":3,"epicpaladins:cryorium_gem":11,"minecraft:rotten_flesh":4,"minecraft:tropical_fish":1,"minecraft:beetroot_seeds":98,"farmersdelight:onion":68,"iceandfire:fire_dragon_heart":1,"projectvibrantjourneys:cattail":10,"minecraft:black_banner":3,"runecraft_metals_of_gielinor:raw_runite":4,"minecraft:skeleton_skull":1,"minecraft:rail":6,"minecraft:cobblestone":69,"minecraft:oxeye_daisy":1,"iceandfire:sea_serpent_fang":1,"farmersdelight:rice":40,"minecraft:glow_ink_sac":2,"minecraft:andesite":1,"projectvibrantjourneys:fallen_leaves":4,"gamma_beasts:prehnite":6,"minecraft:potato":89,"alexsmobs:bison_fur":2,"ancient_elements:raw_lead":1,"runecraft_metals_of_gielinor:raw_tin":2,"gamma_beasts:green_apple":3,"gamma_beasts:oak_leaf":11,"minecraft:cobblestone_stairs":7,"minecraft:lapis_lazuli":250,"minecraft:dirt":430,"minecraft:white_banner":1,"born_in_chaos_v1:marigolds":8,"revampedpiles:desert_rug":1,"minecraft:bone":19,"minecraft:wheat_seeds":260,"minecraft:raw_gold":2,"minecraft:cherry_sign":1,"minecraft:moss_block":1,"epicsamurai:raw_silver":12,"iceandfire:fire_dragon_flesh":14,"minecraft:acacia_sapling":2,"epicsamurai:onyx":18,"projectvibrantjourneys:light_brown_bark_mushroom":1,"iceandfire:chared_stone":21,"minecraft:sweet_berries":32,"minecraft:pumpkin":16,"epicfight:stone_greatsword":1,"alexsmobs:shark_tooth":1,"minecraft:dandelion":5,"minecraft:poisonous_potato":2,"minecraft:gravel":1,"iceandfire:dragon_skull_fire":1,"minecraft:sand":24,"minecraft:red_banner":1,"minecraft:spider_eye":1,"minecraft:mossy_cobblestone":4,"iceandfire:dragonegg_red":1,"iceandfire:chared_cobblestone":20,"minecraft:pumpkin_seeds":3,"minecraft:snort_pottery_sherd":1,"minecraft:diamond":2,"minecraft:angler_pottery_sherd":1,"runecraft_metals_of_gielinor:raw_mithril":3,"knightquest:small_essence":1,"minecraft:crossbow":1,"minecraft:bone_meal":6,"minecraft:emerald":60,"minecraft:warped_roots":3,"minecraft:bread":1,"projectvibrantjourneys:orange_bark_mushroom":3,"minecraft:oak_sapling":2,"iceandfire:raw_silver":1},"minecraft:dropped":{"minecraft:wheat_seeds":15,"minecraft:warped_roots":2,"projectvibrantjourneys:orange_bark_mushroom":2,"the_pillager_legion_:legion_showel_tpl":1,"minecraft:potion":1,"projectvibrantjourneys:bark_mushroom":2,"minecraft:bone":2,"soul_like_armors_reworked:rustysteel_helmet":1,"projectvibrantjourneys:light_brown_bark_mushroom":1},"minecraft:mined":{"minecraft:attached_pumpkin_stem":1,"minecraft:diamond_ore":1,"farmersdelight:onions":18,"minecraft:mossy_cobblestone":5,"epicpaladins:cryorium_ore":5,"minecraft:cobblestone_stairs":7,"projectvibrantjourneys:rocks":1,"runecraft_metals_of_gielinor:runite_ore":4,"minecraft:allium":2,"minecraft:grass_block":167,"epicsamurai:silver_ore":7,"minecraft:decorated_pot":1,"minecraft:spruce_leaves":1,"minecraft:moss_block":1,"minecraft:nether_wart":20,"minecraft:spawner":2,"minecraft:tall_seagrass":1,"epicsamurai:onyx_ore":8,"minecraft:carrots":30,"minecraft:iron_ore":11,"gamma_beasts:prehnite_ore":3,"minecraft:andesite":1,"minecraft:pumpkin":16,"minecraft:azure_bluet":2,"minecraft:potatoes":24,"farmersdelight:rice_panicles":76,"minecraft:stone":69,"minecraft:blue_orchid":2,"minecraft:player_head":1,"iceandfire:chared_cobblestone":20,"projectvibrantjourneys:cattail":11,"ancient_elements:steel_ore":6,"born_in_chaos_v1:marigolds":8,"minecraft:red_banner":1,"minecraft:dandelion":2,"minecraft:cornflower":1,"projectvibrantjourneys:twigs":1,"minecraft:emerald_ore":22,"minecraft:poppy":10,"minecraft:melon":13,"minecraft:warped_roots":1,"farmersdelight:cabbages":46,"minecraft:tall_grass":60,"minecraft:cobblestone":3,"minecraft:lapis_ore":19,"runecraft_metals_of_gielinor:adamantite_ore":25,"runecraft_metals_of_gielinor:mithril_ore":3,"epicpaladins:deepslate_cryorium_ore":1,"minecraft:wheat":44,"minecraft:black_wall_banner":3,"minecraft:birch_leaves":2,"born_in_chaos_v1:river_mint":9,"minecraft:white_wall_banner":1,"minecraft:grass":372,"revampedpiles:desert_rug":1,"projectvibrantjourneys:short_grass":101,"minecraft:beetroots":36,"ancient_elements:abyssal_debris":9,"minecraft:gravel":1,"minecraft:sand":21,"minecraft:dirt":271,"minecraft:stone_bricks":1,"minecraft:orange_wall_banner":1,"pots_and_mimics:treasure_pot":4,"minecraft:deepslate":1,"minecraft:fern":1,"iceandfire:chared_stone":22}},"DataVersion":3465}