{"stats":{"minecraft:picked_up":{"minecraft:allium":2,"minecraft:azure_bluet":2,"farmersdelight:rice":4,"minecraft:andesite":1,"projectvibrantjourneys:fallen_leaves":3,"farmersdelight:rice_panicle":1,"alexsmobs:bison_fur":2,"minecraft:enchanted_book":1,"magistuarmory:barding":1,"gamma_beasts:green_apple":3,"gamma_beasts:oak_leaf":11,"minecraft:cobblestone_stairs":6,"minecraft:lapis_lazuli":191,"minecraft:string":5,"minecraft:dirt":250,"born_in_chaos_v1:marigolds":8,"revampedpiles:desert_rug":1,"minecraft:bone":16,"minecraft:wheat_seeds":50,"minecraft:beef":6,"wom:moonless":1,"minecraft:cherry_sign":1,"minecraft:poppy":10,"minecraft:moss_block":1,"minecraft:acacia_sapling":2,"minecraft:stick":1,"minecraft:raw_iron":27,"ancient_elements:raw_steel":5,"runecraft_metals_of_gielinor:raw_adamantite":15,"minecraft:dandelion":4,"minecraft:torch":1,"alexsmobs:shark_tooth":1,"travelersbackpack:iron_tier_upgrade":1,"epicfight:skillbook":3,"minecraft:sand":3,"minecraft:spider_eye":1,"minecraft:mossy_cobblestone":4,"minecraft:rotten_flesh":4,"runecraft_metals_of_gielinor:raw_mithril":3,"minecraft:crossbow":1,"knightquest:small_essence":1,"minecraft:bread":1,"minecraft:warped_roots":2,"projectvibrantjourneys:orange_bark_mushroom":1,"minecraft:cobblestone":37,"minecraft:oxeye_daisy":1},"minecraft:used":{"minecraft:cobblestone_stairs":54,"minecraft:flint_and_steel":213,"minecraft:poppy":10,"smallships:dark_oak_brigg":1,"minecraft:sandstone":88,"minecraft:netherrack":10,"minecraft:torch":6,"minecraft:sand":6,"minecraft:dirt":144,"minecraft:spyglass":2,"simplyswords:soulrender":14,"revampedpiles:desert_rug":1,"minecraft:allium":2,"born_in_chaos_v1:skullbreaker_hammer":4,"travelersbackpack:wolf":1,"minecraft:azure_bluet":2,"the_pillager_legion_:legion_showel_tpl":201,"smallships:acacia_galley":1,"minecraft:diamond_pickaxe":94,"minecraft:grass_block":146,"minecraft:bread":6,"mcdw:bow_winters_touch":4,"minecraft:cherry_sign":1,"born_in_chaos_v1:marigolds":8,"minecraft:golden_carrot":1,"variantvanillablocks:spruce_chest":2,"minecraft:dandelion":2,"minecraft:cherry_log":8},"minecraft:mined":{"ancient_elements:steel_ore":2,"born_in_chaos_v1:marigolds":8,"minecraft:mossy_cobblestone":5,"minecraft:cobblestone_stairs":6,"minecraft:dandelion":2,"projectvibrantjourneys:twigs":1,"minecraft:allium":2,"minecraft:grass_block":78,"minecraft:poppy":10,"minecraft:tall_grass":5,"minecraft:lapis_ore":12,"minecraft:moss_block":1,"runecraft_metals_of_gielinor:adamantite_ore":16,"runecraft_metals_of_gielinor:mithril_ore":3,"minecraft:iron_ore":10,"minecraft:andesite":1,"minecraft:azure_bluet":2,"minecraft:grass":29,"revampedpiles:desert_rug":1,"projectvibrantjourneys:short_grass":8,"minecraft:dirt":178,"minecraft:stone":38},"minecraft:custom":{"minecraft:mob_kills":7,"minecraft:open_barrel":10,"minecraft:leave_game":4,"minecraft:time_since_death":205771,"minecraft:sleep_in_bed":4,"minecraft:climb_one_cm":6758,"minecraft:time_since_rest":3231,"minecraft:walk_one_cm":921739,"minecraft:sprint_one_cm":206596,"minecraft:damage_taken":10,"minecraft:damage_absorbed":268,"minecraft:trigger_trapped_chest":2,"minecraft:drop":1,"minecraft:damage_dealt":1579,"minecraft:fly_one_cm":1959637,"minecraft:swim_one_cm":232919,"minecraft:talked_to_villager":1,"minecraft:open_chest":45,"minecraft:crouch_one_cm":3664,"minecraft:play_time":205771,"minecraft:sneak_time":4033,"minecraft:walk_under_water_one_cm":106022,"minecraft:boat_one_cm":27303,"minecraft:jump":912,"minecraft:walk_on_water_one_cm":28780,"minecraft:total_world_time":235890,"minecraft:fall_one_cm":11645},"minecraft:dropped":{"minecraft:warped_roots":2},"minecraft:killed":{"minecraft:vindicator":1,"alexsmobs:seagull":1,"minecraft:pillager":4,"alexsmobs:bison":1},"minecraft:crafted":{"minecraft:spruce_planks":16,"minecraft:cobblestone_stairs":48,"variantvanillablocks:spruce_chest":2}},"DataVersion":3465}