{"stats":{"minecraft:used":{"minecraft:flint_and_steel":213,"farmersdelight:cabbage_seeds":44,"minecraft:poppy":10,"smallships:dark_oak_brigg":1,"minecraft:nether_wart":20,"minecraft:netherrack":10,"minecraft:torch":80,"minecraft:dirt":250,"minecraft:spyglass":6,"simplyswords:soulrender":51,"minecraft:carrot":107,"revampedpiles:desert_rug":1,"minecraft:allium":2,"minecraft:azure_bluet":2,"the_pillager_legion_:legion_showel_tpl":201,"smallships:acacia_galley":1,"minecraft:grass_block":146,"mcdw:bow_winters_touch":142,"minecraft:golden_carrot":1,"iceandfire:chared_stone":21,"minecraft:beetroot_seeds":38,"minecraft:potato":102,"minecraft:cherry_log":8,"farmersdelight:hamburger":4,"minecraft:wheat_seeds":114,"minecraft:cobblestone_stairs":54,"minecraft:sandstone":88,"farmersdelight:onion":88,"minecraft:sand":6,"born_in_chaos_v1:skullbreaker_hammer":19,"farmersdelight:rice":2,"travelersbackpack:wolf":5,"minecraft:pumpkin_seeds":1,"minecraft:diamond_pickaxe":252,"minecraft:bread":17,"minecraft:melon_slice":3,"minecraft:cherry_sign":1,"born_in_chaos_v1:marigolds":8,"iceandfire:chared_cobblestone":3,"minecraft:cobblestone":36,"variantvanillablocks:spruce_chest":2,"minecraft:pumpkin_pie":7,"minecraft:dandelion":2},"minecraft:custom":{"minecraft:mob_kills":42,"minecraft:inspect_hopper":1,"minecraft:open_barrel":45,"minecraft:leave_game":10,"minecraft:time_since_death":94026,"minecraft:climb_one_cm":13908,"minecraft:sprint_one_cm":372497,"minecraft:walk_one_cm":2033622,"minecraft:drop":10,"minecraft:talked_to_villager":2,"minecraft:play_time":355061,"minecraft:deaths":1,"minecraft:sneak_time":6433,"minecraft:walk_under_water_one_cm":457737,"minecraft:boat_one_cm":27303,"minecraft:jump":2021,"minecraft:walk_on_water_one_cm":266324,"minecraft:total_world_time":385180,"minecraft:sleep_in_bed":12,"minecraft:time_since_rest":6204,"minecraft:damage_taken":1391,"minecraft:damage_absorbed":4977,"minecraft:trigger_trapped_chest":2,"minecraft:damage_dealt":6550,"minecraft:swim_one_cm":433935,"minecraft:fly_one_cm":2108289,"minecraft:open_chest":140,"minecraft:crouch_one_cm":6522,"minecraft:fall_one_cm":34077},"minecraft:killed":{"bloodandmadness:church_doctor":1,"born_in_chaos_v1:skeleton_demoman":1,"bloodandmadness:cloaked_beast_patient":1,"minecraft:vindicator":1,"alexsmobs:seagull":1,"born_in_chaos_v1:siamese_skeletonsright":1,"minecraft:skeleton":3,"iceandfire:fire_dragon":1,"bloodandmadness:beast_patient":4,"alexsmobs:bison":2,"born_in_chaos_v1:corpse_fish":1,"minecraft:husk":13,"minecraft:bat":1,"minecraft:pillager":4,"minecraft:zombie":5,"born_in_chaos_v1:nightmare_stalker":1,"born_in_chaos_v1:siamese_skeletonsleft":1},"minecraft:mined":{"minecraft:attached_pumpkin_stem":1,"minecraft:diamond_ore":1,"farmersdelight:onions":18,"minecraft:mossy_cobblestone":5,"epicpaladins:cryorium_ore":5,"minecraft:cobblestone_stairs":6,"projectvibrantjourneys:rocks":1,"runecraft_metals_of_gielinor:runite_ore":4,"minecraft:allium":2,"minecraft:grass_block":82,"epicsamurai:silver_ore":7,"minecraft:decorated_pot":1,"minecraft:moss_block":1,"minecraft:nether_wart":20,"minecraft:spawner":2,"minecraft:tall_seagrass":1,"epicsamurai:onyx_ore":8,"minecraft:carrots":30,"minecraft:iron_ore":11,"gamma_beasts:prehnite_ore":3,"minecraft:andesite":1,"minecraft:pumpkin":16,"minecraft:azure_bluet":2,"minecraft:potatoes":24,"farmersdelight:rice_panicles":76,"minecraft:blue_orchid":2,"minecraft:stone":62,"minecraft:player_head":1,"iceandfire:chared_cobblestone":20,"ancient_elements:steel_ore":6,"born_in_chaos_v1:marigolds":8,"minecraft:red_banner":1,"minecraft:dandelion":2,"minecraft:cornflower":1,"projectvibrantjourneys:twigs":1,"minecraft:emerald_ore":22,"minecraft:warped_roots":1,"minecraft:poppy":10,"minecraft:melon":13,"farmersdelight:cabbages":46,"minecraft:tall_grass":5,"minecraft:cobblestone":3,"minecraft:lapis_ore":19,"runecraft_metals_of_gielinor:adamantite_ore":25,"runecraft_metals_of_gielinor:mithril_ore":3,"epicpaladins:deepslate_cryorium_ore":1,"minecraft:wheat":44,"minecraft:black_wall_banner":3,"minecraft:birch_leaves":1,"minecraft:white_wall_banner":1,"minecraft:grass":31,"revampedpiles:desert_rug":1,"projectvibrantjourneys:short_grass":9,"minecraft:beetroots":36,"ancient_elements:abyssal_debris":9,"minecraft:gravel":1,"minecraft:sand":21,"minecraft:dirt":181,"minecraft:stone_bricks":1,"minecraft:orange_wall_banner":1,"pots_and_mimics:treasure_pot":4,"minecraft:deepslate":1,"minecraft:fern":1,"iceandfire:chared_stone":22},"minecraft:crafted":{"minecraft:cobblestone_stairs":48,"variantvanillablocks:spruce_chest":2,"minecraft:spruce_planks":16,"minecraft:iron_chestplate":1,"minecraft:torch":160},"minecraft:picked_up":{"ancient_elements:abyssal_debris":9,"minecraft:shelter_pottery_sherd":1,"minecraft:wheat":51,"minecraft:allium":2,"minecraft:azure_bluet":2,"minecraft:nether_wart":59,"minecraft:clay_ball":3,"minecraft:prismarine_shard":3,"farmersdelight:rice_panicle":111,"minecraft:orange_banner":1,"minecraft:enchanted_book":3,"magistuarmory:barding":1,"minecraft:string":5,"minecraft:blue_orchid":2,"minecraft:beetroot":36,"bloodandmadness:blood_vial":3,"minecraft:gold_nugget":18,"minecraft:cobbled_deepslate":1,"farmersdelight:cabbage":46,"minecraft:beef":6,"wom:moonless":1,"minecraft:player_head":1,"minecraft:poppy":10,"minecraft:melon_slice":73,"the_pillager_legion_:legion_showel_tpl":1,"farmersdelight:cabbage_seeds":127,"minecraft:raw_iron":27,"minecraft:stick":1,"minecraft:sheaf_pottery_sherd":1,"ancient_elements:raw_steel":13,"iceandfire:dragonbone":33,"iceandfire:dragonscales_green":69,"projectvibrantjourneys:bark_mushroom":2,"minecraft:torch":4,"runecraft_metals_of_gielinor:raw_adamantite":24,"travelersbackpack:iron_tier_upgrade":1,"epicfight:skillbook":3,"born_in_chaos_v1:nightmare_claw":1,"born_in_chaos_v1:pieceofdarkmetal":1,"minecraft:carrot":111,"soul_like_armors_reworked:rustysteel_helmet":1,"minecraft:prismarine_crystals":3,"epicpaladins:cryorium_gem":11,"minecraft:rotten_flesh":4,"minecraft:tropical_fish":1,"minecraft:beetroot_seeds":98,"farmersdelight:onion":68,"iceandfire:fire_dragon_heart":1,"projectvibrantjourneys:cattail":1,"minecraft:black_banner":3,"runecraft_metals_of_gielinor:raw_runite":4,"minecraft:skeleton_skull":1,"minecraft:rail":6,"minecraft:cobblestone":62,"minecraft:oxeye_daisy":1,"farmersdelight:rice":40,"minecraft:glow_ink_sac":2,"minecraft:andesite":1,"projectvibrantjourneys:fallen_leaves":3,"gamma_beasts:prehnite":6,"minecraft:potato":89,"alexsmobs:bison_fur":2,"ancient_elements:raw_lead":1,"runecraft_metals_of_gielinor:raw_tin":2,"gamma_beasts:green_apple":3,"gamma_beasts:oak_leaf":11,"minecraft:cobblestone_stairs":6,"minecraft:lapis_lazuli":250,"minecraft:dirt":257,"minecraft:white_banner":1,"born_in_chaos_v1:marigolds":8,"revampedpiles:desert_rug":1,"minecraft:bone":18,"minecraft:wheat_seeds":197,"minecraft:raw_gold":2,"minecraft:cherry_sign":1,"minecraft:moss_block":1,"epicsamurai:raw_silver":12,"iceandfire:fire_dragon_flesh":14,"minecraft:acacia_sapling":2,"epicsamurai:onyx":18,"projectvibrantjourneys:light_brown_bark_mushroom":1,"iceandfire:chared_stone":21,"minecraft:pumpkin":16,"epicfight:stone_greatsword":1,"minecraft:sweet_berries":32,"alexsmobs:shark_tooth":1,"minecraft:dandelion":5,"minecraft:gravel":1,"minecraft:poisonous_potato":2,"iceandfire:dragon_skull_fire":1,"minecraft:sand":24,"minecraft:red_banner":1,"minecraft:spider_eye":1,"minecraft:mossy_cobblestone":4,"iceandfire:dragonegg_red":1,"iceandfire:chared_cobblestone":20,"minecraft:pumpkin_seeds":3,"minecraft:snort_pottery_sherd":1,"minecraft:diamond":2,"minecraft:angler_pottery_sherd":1,"runecraft_metals_of_gielinor:raw_mithril":3,"minecraft:crossbow":1,"knightquest:small_essence":1,"minecraft:bone_meal":2,"minecraft:bread":1,"minecraft:warped_roots":3,"minecraft:emerald":60,"projectvibrantjourneys:orange_bark_mushroom":3,"minecraft:oak_sapling":2,"iceandfire:raw_silver":1},"minecraft:killed_by":{"iceandfire:fire_dragon":1},"minecraft:broken":{"minecraft:diamond_chestplate":1,"minecraft:iron_boots":1,"minecraft:diamond_boots":1},"minecraft:dropped":{"minecraft:wheat_seeds":15,"minecraft:warped_roots":2,"projectvibrantjourneys:orange_bark_mushroom":2,"the_pillager_legion_:legion_showel_tpl":1,"minecraft:potion":1,"projectvibrantjourneys:bark_mushroom":2,"minecraft:bone":2,"soul_like_armors_reworked:rustysteel_helmet":1,"projectvibrantjourneys:light_brown_bark_mushroom":1}},"DataVersion":3465}