{"stats":{"minecraft:used":{"mcda:emerald_gear_helmet":1,"minecraft:beetroot":1,"travelersbackpack:horse":1,"revampedpiles:cobblestone_roof":10,"cozy_home:dark_oak_sink_counter":1,"minecraft:iron_shovel":868,"iceandfire:dragon_skull_ice":3,"minecraft:spruce_slab":371,"minecraft:ladder":8,"minecraft:chest":2,"oresabovediamonds:netherite_opal_sword":32,"soul_like_armors_reworked:darkknightsword":281,"minecraft:rotten_flesh":17,"minecraft:carrot":65,"minecraft:azure_bluet":1,"minecraft:glass":60,"born_in_chaos_v1:corpse_maggot":8,"minecraft:lava_bucket":1,"minecraft:birch_sapling":40,"minecraft:lantern":12,"mcdw:bow_winters_touch":27,"minecraft:iron_helmet":1,"minecraft:light_blue_bed":6,"cozy_home:dark_oak_storage_counter":1,"minecraft:stone_bricks":6,"minecraft:red_carpet":1,"minecraft:hay_block":34,"minecraft:beetroot_seeds":52,"minecraft:furnace":3,"minecraft:egg":3,"minecraft:potato":29,"iceandfire:armor_white_leggings":2,"iceandfire:armor_bronze_boots":1,"projectvibrantjourneys:rocks":1,"epicfight:skillbook":9,"minecraft:spruce_door":7,"the_pillager_legion_:republican_gmaduis_tpl":36,"minecraft:birch_leaves":45,"minecraft:stone_pickaxe":131,"minecraft:composter":3,"minecraft:sugar_cane":38,"variantvanillablocks:birch_chest":24,"minecraft:white_wool":3,"minecraft:golden_apple":1,"minecraft:sand":24,"undergarden:wigglewood_sapling":2,"minecraft:blast_furnace":2,"minecraft:shears":45,"minecraft:pumpkin_seeds":16,"undergarden:deepsoil":1,"minecraft:birch_fence":34,"minecraft:birch_slab":144,"minecraft:bread":109,"minecraft:cyan_bed":4,"undergarden:wigglewood_log":7,"minecraft:soul_lantern":5,"minecraft:diamond_sword":199,"variantvanillablocks:spruce_chest":2,"iceandfire:dragon_skull_fire":5,"globalxp:xp_block":2,"minecraft:grindstone":2,"minecraft:dark_oak_fence":2,"minecraft:bone_meal":43,"minecraft:golden_pickaxe":34,"minecraft:experience_bottle":4,"simplyswords:iron_claymore":194,"minecraft:armor_stand":9,"cozy_home:dark_oak_counter":1,"minecraft:stone_shovel":422,"minecraft:spruce_planks":2,"gamma_beasts:green_apple":25,"oresabovediamonds:amethyst_sword":70,"soul_like_armors_reworked:estusflask":28,"minecraft:stone_hoe":119,"iceandfire:armor_copper_metal_boots":1,"minecraft:torch":82,"minecraft:dirt":715,"minecraft:brewing_stand":1,"mcda:emerald_gear_boots":2,"minecraft:anvil":1,"minecraft:white_carpet":19,"minecraft:spruce_fence":28,"minecraft:wooden_axe":27,"alexsmobs:maggot":6,"projectvibrantjourneys:fallen_leaves":2,"soul_like_armors_reworked:dagger":25,"iceandfire:podium_dark_oak":2,"minecraft:iron_axe":535,"minecraft:iron_boots":1,"minecraft:barrel":9,"minecraft:melon_seeds":10,"projectvibrantjourneys:cattail":1,"cfm:red_sofa":11,"hamsters:hamster":4,"minecraft:cooked_beef":2,"minecraft:golden_axe":27,"minecraft:iron_leggings":2,"minecraft:wheat_seeds":53,"minecraft:water_bucket":73,"minecraft:birch_planks":197,"minecraft:baked_potato":71,"minecraft:birch_boat":5,"wom:diamond_legbottomseal":3,"minecraft:cauldron":2,"minecraft:stonecutter":1,"minecraft:crafting_table":3,"travelersbackpack:wolf":16,"minecraft:spruce_log":190,"minecraft:smoker":1,"minecraft:flower_pot":4,"minecraft:apple":11,"minecraft:iron_pickaxe":1070,"alexscaves:extinction_spear":70,"minecraft:spruce_trapdoor":1,"minecraft:spruce_sapling":69,"minecraft:stone_axe":121,"travelersbackpack:standard":10,"minecraft:cobblestone":42,"minecraft:potion":2,"minecraft:white_banner":1,"minecraft:bucket":72,"minecraft:glass_pane":160,"minecraft:dandelion":1,"minecraft:birch_stairs":48},"minecraft:dropped":{"minecraft:baked_potato":1,"wom:diamond_legbottomseal":1,"minecraft:glass_bottle":3,"bloodandmadness:beastblood_clump":1,"travelersbackpack:standard":2,"projectvibrantjourneys:orange_bark_mushroom":3,"minecraft:item_frame":3,"minecraft:red_carpet":1,"minecraft:dirt":151,"minecraft:grass":6,"minecraft:cornflower":1,"minecraft:yellow_dye":2,"projectvibrantjourneys:fallen_leaves":3,"cfm:blue_sofa":2,"gravestone:obituary":31,"minecraft:bone_meal":1,"minecraft:sand":86,"minecraft:iron_pickaxe":4,"minecraft:birch_stairs":6,"projectvibrantjourneys:bark_mushroom":4,"minecraft:stone_axe":2,"hangglider:hang_glider":2,"oresabovediamonds:amethyst_sword":2,"alexsmobs:animal_dictionary":4,"soul_like_armors_reworked:rustysteel_helmet":1,"minecraft:azure_bluet":1,"minecraft:poppy":4,"soul_like_armors_reworked:rustyshield":3,"minecraft:skeleton_skull":1,"minecraft:beetroot_seeds":1,"born_in_chaos_v1:corpse_maggot":8,"soul_like_armors_reworked:dagger":1,"minecraft:spruce_slab":1,"minecraft:arrow":61,"minecraft:glass":11,"projectvibrantjourneys:cattail":9,"minecraft:scaffolding":1,"minecraft:wheat_seeds":25,"gamma_beasts:oak_leaf":3,"gamma_beasts:coal_nugget":10,"minecraft:iron_helmet":1,"minecraft:cobblestone":58,"minecraft:chicken_spawn_egg":1,"minecraft:iron_block":1,"minecraft:smooth_quartz":2,"minecraft:iron_door":1,"minecraft:iron_leggings":1,"minecraft:iron_axe":1,"minecraft:iron_shovel":1,"minecraft:string":2,"minecraft:spruce_sapling":39,"minecraft:dandelion":1,"alexsmobs:maggot":4,"minecraft:composter":1,"iceandfire:witherbone":1,"minecraft:name_tag":2,"gamma_beasts:green_apple":4,"minecraft:polished_granite_stairs":2,"minecraft:cobblestone_slab":1,"soul_like_armors_reworked:darkknightsword":3,"iceandfire:frozen_splinters":34,"minecraft:iron_chestplate":2,"minecraft:spruce_log":64,"minecraft:bow":3,"bloodandmadness:blood_stone_shard":3,"simplyswords:iron_claymore":3,"epicfight:skillbook":6},"minecraft:custom":{"minecraft:animals_bred":4,"minecraft:interact_with_crafting_table":40,"minecraft:open_barrel":75,"minecraft:leave_game":26,"minecraft:time_since_death":949,"minecraft:sprint_one_cm":2958680,"minecraft:drop":176,"minecraft:talked_to_villager":1,"minecraft:play_time":976037,"minecraft:deaths":34,"minecraft:jump":6653,"minecraft:interact_with_brewingstand":1,"minecraft:walk_on_water_one_cm":78180,"minecraft:interact_with_furnace":37,"minecraft:sleep_in_bed":47,"minecraft:damage_dealt":45300,"minecraft:player_kills":1,"minecraft:crouch_one_cm":81808,"minecraft:interact_with_smoker":1,"minecraft:horse_one_cm":34632,"minecraft:interact_with_anvil":9,"minecraft:mob_kills":211,"minecraft:damage_dealt_resisted":3803,"minecraft:climb_one_cm":72969,"minecraft:walk_one_cm":9964808,"minecraft:damage_dealt_absorbed":288,"minecraft:sneak_time":22903,"minecraft:walk_under_water_one_cm":16307,"minecraft:boat_one_cm":42878,"minecraft:interact_with_blast_furnace":5,"minecraft:total_world_time":976204,"minecraft:raid_trigger":1,"minecraft:pot_flower":3,"minecraft:interact_with_stonecutter":1,"minecraft:time_since_rest":984,"minecraft:damage_absorbed":40,"minecraft:damage_taken":19662,"minecraft:swim_one_cm":154048,"minecraft:fly_one_cm":2039231,"minecraft:open_chest":475,"minecraft:fall_one_cm":120716},"minecraft:killed":{"born_in_chaos_v1:zombie_clown":2,"minecraft:cave_spider":4,"minecraft:witch":2,"pots_and_mimics:pot_crab":1,"minecraft:spider":6,"born_in_chaos_v1:baby_skeleton_minion":4,"minecraft:skeleton":17,"bloodandmadness:beast_patient":5,"born_in_chaos_v1:supreme_bonescaller_stage_2":1,"alexsmobs:grizzly_bear":2,"farlanders:rebel":3,"minecraft:creeper":3,"minecraft:sheep":5,"minecraft:trader_llama":2,"minecraft:pillager":6,"born_in_chaos_v1:dread_hound":1,"minecraft:zombie":40,"born_in_chaos_v1:corpse_fly":3,"minecraft:stray":6,"alexsmobs:fly":5,"born_in_chaos_v1:door_knight":1,"minecraft:cow":17,"bloodandmadness:church_doctor":5,"bloodandmadness:cloaked_beast_patient":2,"born_in_chaos_v1:zombie_bruiser":1,"born_in_chaos_v1:maggot":18,"minecraft:horse":8,"iceandfire:fire_dragon":1,"bloodandmadness:huntsman_axe":4,"farlanders:looter":1,"born_in_chaos_v1:bone_imp_minion":10,"born_in_chaos_v1:baby_skeleton":1,"minecraft:wandering_trader":1,"born_in_chaos_v1:decrepit_skeleton":5,"iceandfire:ice_dragon":1,"minecraft:wither_skeleton":8,"minecraft:player":1,"minecraft:villager":1,"minecraft:enderman":1},"minecraft:picked_up":{"gamma_beasts:thin_oak_log":20,"minecraft:iron_chestplate":1,"minecraft:wheat":10,"minecraft:flower_pot":4,"minecraft:lead":2,"minecraft:diamond_sword":1,"minecraft:brewing_stand":1,"soul_like_armors_reworked:rustysteel_chestplate":1,"minecraft:string":10,"born_in_chaos_v1:mesh_door":1,"minecraft:raw_copper":60,"minecraft:iron_leggings":2,"minecraft:armor_stand":7,"minecraft:oak_sign":2,"minecraft:beetroot":30,"minecraft:cobbled_deepslate":342,"minecraft:spruce_planks":2,"undergarden:wigglewood_sapling":2,"minecraft:rose_bush":4,"minecraft:cobblestone_slab":2,"soul_like_armors_reworked:dagger":1,"minecraft:iron_pickaxe":5,"minecraft:smooth_quartz":4,"hangglider:hang_glider":1,"minecraft:melon_slice":52,"minecraft:tipped_arrow":8,"minecraft:stick":120,"minecraft:composter":1,"born_in_chaos_v1:phantom_powder":1,"minecraft:torch":39,"iceandfire:dragonscales_white":52,"oresabovediamonds:amethyst_sword":1,"epicfight:skillbook":9,"minecraft:golden_axe":1,"iceandfire:rotten_egg":1,"minecraft:cauldron":3,"minecraft:rotten_flesh":21,"minecraft:iron_block":2,"iceandfire:fire_dragon_heart":1,"minecraft:red_tulip":11,"gamma_beasts:coal_nugget":49,"projectvibrantjourneys:cattail":10,"bloodandmadness:blood_stone_shard":3,"minecraft:cobblestone":503,"minecraft:birch_log":128,"minecraft:cooked_beef":2,"minecraft:iron_door":1,"minecraft:birch_slab":15,"minecraft:water_bucket":1,"projectvibrantjourneys:fallen_leaves":9,"gamma_beasts:prehnite":14,"minecraft:potato":5,"undergarden:deepsoil":1,"gamma_beasts:oak_leaf":30,"projectvibrantjourneys:rocks":1,"minecraft:lapis_lazuli":24,"minecraft:dirt":1541,"iceandfire:dragonscales_bronze":24,"minecraft:lantern":18,"minecraft:glass":2,"minecraft:bone":76,"minecraft:bow":3,"minecraft:stonecutter":1,"minecraft:wheat_seeds":120,"minecraft:raw_gold":20,"minecraft:grindstone":2,"soul_like_armors_reworked:dark_knight_helmet":1,"soul_like_armors_reworked:rustysteel_boots":1,"wom:diamond_legbottomseal":1,"epicsamurai:raw_silver":1,"iceandfire:dragon_skull_fire":5,"minecraft:sand":277,"minecraft:cyan_bed":4,"iceandfire:podium_dark_oak":2,"minecraft:barrel":10,"alexsmobs:animal_dictionary":3,"minecraft:sugar":2,"minecraft:soul_lantern":2,"minecraft:crossbow":1,"minecraft:bone_meal":1,"minecraft:grass":6,"minecraft:emerald":9,"minecraft:bread":7,"alexsmobs:maggot":10,"epicsamurai:ruby":2,"minecraft:dark_oak_fence":2,"iceandfire:silver_nugget":288,"iceandfire:raw_silver":12,"minecraft:crafting_table":1,"minecraft:allium":1,"minecraft:azure_bluet":2,"iceandfire:witherbone":8,"minecraft:ladder":2,"born_in_chaos_v1:seedof_chaos":1,"minecraft:golden_pickaxe":1,"cfm:red_sofa":7,"minecraft:gold_block":4,"soul_like_armors_reworked:darkknightsword":4,"gravestone:obituary":11,"epicfight:stray_pants":1,"minecraft:cornflower":6,"iceandfire:frozen_splinters":34,"minecraft:iron_axe":2,"born_in_chaos_v1:intoxicating_decoction":4,"minecraft:item_frame":3,"minecraft:white_carpet":11,"minecraft:iron_shovel":2,"bloodandmadness:blood_vial":11,"iceandfire:bestiary":1,"undergarden:wigglewood_log":7,"minecraft:beef":33,"minecraft:poppy":10,"minecraft:spruce_slab":50,"minecraft:sugar_cane":38,"minecraft:birch_sapling":38,"iceandfire:ice_dragon_heart":1,"minecraft:egg":2,"minecraft:raw_iron":68,"iceandfire:dragonbone":30,"projectvibrantjourneys:bark_mushroom":5,"minecraft:spruce_fence":1,"minecraft:carrot":104,"soul_like_armors_reworked:rustysteel_helmet":1,"minecraft:light_blue_bed":6,"bloodandmadness:beastblood_clump":2,"iceandfire:dragon_skull_ice":3,"soul_like_armors_reworked:estusflask":27,"minecraft:polished_granite_stairs":2,"minecraft:arrow":16,"minecraft:beetroot_seeds":78,"minecraft:hay_block":54,"bloodandmadness:sanguisteel_nugget":3,"minecraft:gold_ingot":8,"minecraft:mutton":7,"minecraft:skeleton_skull":3,"minecraft:white_wool":14,"minecraft:birch_leaves":45,"born_in_chaos_v1:corpse_maggot":16,"minecraft:air":0,"projectvibrantjourneys:icicle":1,"minecraft:leather":20,"minecraft:yellow_dye":1,"minecraft:birch_planks":59,"simplyswords:iron_claymore":6,"minecraft:oak_log":9,"gamma_beasts:green_apple":50,"minecraft:lily_pad":5,"minecraft:cobblestone_wall":1,"minecraft:white_banner":2,"minecraft:red_carpet":2,"soul_like_armors_reworked:rustyshield":6,"minecraft:apple":1,"minecraft:stone_bricks":2,"minecraft:iron_ingot":7,"minecraft:glass_bottle":1,"epicsamurai:aquamarine":6,"iceandfire:fire_dragon_flesh":3,"projectvibrantjourneys:light_brown_bark_mushroom":17,"minecraft:scaffolding":1,"minecraft:pumpkin":26,"epicfight:stone_greatsword":1,"minecraft:stone_brick_slab":2,"minecraft:dandelion":6,"minecraft:birch_stairs":17,"minecraft:spruce_sapling":170,"minecraft:blast_furnace":2,"minecraft:spruce_log":331,"minecraft:spider_eye":3,"minecraft:spruce_door":2,"travelersbackpack:wolf":9,"travelersbackpack:standard":6,"minecraft:pumpkin_seeds":3,"soul_like_armors_reworked:dark_knight_chestplate":1,"minecraft:stone_axe":1,"minecraft:iron_helmet":2,"iceandfire:ice_dragon_flesh":5,"minecraft:baked_potato":58,"projectvibrantjourneys:orange_bark_mushroom":7,"minecraft:coal":123,"variantvanillablocks:birch_chest":4,"minecraft:ender_pearl":1},"minecraft:crafted":{"mcda:emerald_gear_leggings":1,"minecraft:smooth_stone":4,"minecraft:oak_planks":20,"epicsamurai:silver_ingot":39,"minecraft:barrel":2,"globalxp:xp_block":2,"hangglider:hang_glider":2,"minecraft:birch_boat":5,"mcda:emerald_gear_chestplate":1,"minecraft:birch_slab":132,"minecraft:stone":7,"iceandfire:armor_copper_metal_boots":1,"minecraft:iron_bars":16,"minecraft:glass":213,"iceandfire:armor_silver_metal_chestplate":1,"minecraft:iron_boots":2,"iceandfire:armor_silver_metal_leggings":1,"minecraft:melon_seeds":10,"iceandfire:armor_copper_metal_chestplate":1,"minecraft:chest":2,"minecraft:stone_hoe":1,"minecraft:golden_boots":1,"minecraft:crafting_table":2,"minecraft:spruce_planks":264,"travelersbackpack:standard":1,"minecraft:iron_helmet":1,"minecraft:spruce_door":3,"minecraft:red_wool":13,"minecraft:copper_ingot":45,"iceandfire:armor_white_boots":1,"minecraft:pumpkin_seeds":16,"minecraft:birch_planks":500,"minecraft:spruce_trapdoor":2,"minecraft:iron_chestplate":4,"minecraft:diamond_pickaxe":1,"minecraft:golden_leggings":1,"minecraft:yellow_dye":1,"iceandfire:armor_white_helmet":1,"minecraft:birch_fence":36,"mcda:emerald_gear_helmet":1,"minecraft:stick":24,"minecraft:iron_pickaxe":4,"minecraft:iron_ingot":13,"iceandfire:armor_white_chestplate":1,"minecraft:gold_ingot":36,"minecraft:composter":3,"iceandfire:armor_bronze_helmet":1,"minecraft:birch_stairs":52,"minecraft:shears":1,"hangglider:glider_framework":2,"minecraft:stone_shovel":4,"minecraft:smooth_stone_slab":6,"cfm:red_sofa":4,"minecraft:golden_chestplate":1,"cfm:blue_sofa":2,"minecraft:furnace":1,"iceandfire:armor_copper_metal_leggings":1,"minecraft:bone_meal":48,"hangglider:glider_wing":4,"minecraft:spruce_fence":27,"minecraft:white_carpet":6,"iceandfire:armor_copper_metal_helmet":1,"minecraft:glass_pane":160,"variantvanillablocks:spruce_chest":3,"travelersbackpack:white_sleeping_bag":1,"minecraft:iron_axe":1,"minecraft:ladder":6,"minecraft:spruce_slab":354,"minecraft:stone_pickaxe":1,"iceandfire:armor_bronze_chestplate":1,"iceandfire:armor_silver_metal_boots":1,"revampedpiles:cobblestone_roof":12,"minecraft:golden_helmet":1,"mcda:emerald_gear_boots":1,"minecraft:red_dye":23,"iceandfire:armor_bronze_boots":1,"travelersbackpack:backpack_tank":2,"minecraft:stone_axe":1,"minecraft:blue_dye":5,"variantvanillablocks:birch_chest":20,"iceandfire:armor_white_leggings":1,"minecraft:wooden_axe":1,"minecraft:blue_wool":5,"minecraft:iron_shovel":1,"minecraft:iron_leggings":2,"minecraft:armor_stand":2,"iceandfire:armor_bronze_leggings":1,"minecraft:torch":40},"minecraft:mined":{"minecraft:spruce_planks":2,"undergarden:wigglewood_log":7,"iceandfire:podium_dark_oak":2,"minecraft:brewing_stand":1,"minecraft:grass_block":965,"epicsamurai:silver_ore":1,"minecraft:composter":1,"minecraft:spawner":6,"minecraft:iron_ore":64,"minecraft:barrel":10,"minecraft:fire":2,"minecraft:pumpkin":26,"minecraft:azure_bluet":1,"minecraft:red_tulip":12,"minecraft:dirt_path":43,"minecraft:iron_bars":1,"minecraft:iron_block":1,"minecraft:spruce_slab":48,"projectvibrantjourneys:cattail":15,"minecraft:soul_lantern":2,"minecraft:torch":1,"iceandfire:dragon_ice_spikes":123,"projectvibrantjourneys:twigs":10,"minecraft:blast_furnace":2,"minecraft:melon":9,"minecraft:poppy":3,"minecraft:cobblestone":7,"minecraft:cyan_bed":4,"minecraft:grindstone":2,"projectvibrantjourneys:fallen_leaves":6,"minecraft:sugar_cane":14,"minecraft:iron_door":1,"minecraft:wall_torch":5,"minecraft:cauldron":3,"minecraft:birch_sapling":1,"minecraft:seagrass":4,"minecraft:chain":2,"minecraft:birch_log":127,"epicsamurai:aquamarine_ore":5,"minecraft:wheat":8,"projectvibrantjourneys:bones":1,"undergarden:deepsoil":1,"minecraft:potted_poppy":2,"minecraft:grass":188,"minecraft:beetroots":31,"projectvibrantjourneys:short_grass":31,"minecraft:dirt":471,"variantvanillablocks:birch_chest":4,"minecraft:smooth_quartz":2,"minecraft:sand":278,"minecraft:stonecutter":1,"undergarden:wigglewood_sapling":1,"minecraft:deepslate":171,"minecraft:oak_leaves":2,"uniquedungeons:empty_urn":1,"minecraft:red_carpet":1,"iceandfire:silver_ore":12,"travelersbackpack:light_blue_sleeping_bag":1,"projectvibrantjourneys:rocks":4,"gravestone:gravestone":25,"minecraft:dark_oak_fence":2,"minecraft:weeping_vines":1,"iceandfire:frozen_splinters":34,"minecraft:spruce_leaves":99,"minecraft:birch_slab":10,"minecraft:moss_block":1,"minecraft:large_fern":1,"minecraft:hay_block":54,"minecraft:potted_dark_oak_sapling":1,"minecraft:carrots":28,"gamma_beasts:prehnite_ore":14,"cfm:red_sofa":7,"minecraft:gold_block":4,"minecraft:potatoes":1,"minecraft:deepslate_iron_ore":2,"minecraft:cobblestone_slab":1,"minecraft:lantern":12,"minecraft:stone":445,"minecraft:white_wool":3,"minecraft:potted_allium":1,"minecraft:birch_stairs":11,"minecraft:scaffolding":1,"minecraft:glass_pane":16,"minecraft:stone_brick_slab":2,"minecraft:dandelion":2,"minecraft:spruce_door":2,"travelersbackpack:standard":1,"epicsamurai:deepslate_aquamarine_ore":1,"minecraft:crafting_table":1,"minecraft:cornflower":5,"minecraft:rose_bush":1,"minecraft:copper_ore":11,"minecraft:tall_grass":50,"minecraft:lapis_ore":4,"minecraft:deepslate_gold_ore":9,"minecraft:lily_pad":2,"minecraft:birch_planks":60,"minecraft:light_blue_bed":6,"minecraft:cobblestone_wall":1,"minecraft:ice":114,"minecraft:white_carpet":6,"minecraft:spruce_log":333,"minecraft:birch_leaves":62,"gamma_beasts:thin_oak_log":12,"iceandfire:silver_pile":56,"minecraft:coal_ore":109,"minecraft:cyan_carpet":1,"minecraft:flower_pot":1,"minecraft:cobweb":3,"minecraft:stone_bricks":7,"minecraft:mossy_stone_bricks":2,"minecraft:gold_ore":10,"pots_and_mimics:treasure_pot":1,"epicsamurai:ruby_ore":2},"minecraft:broken":{"minecraft:iron_shovel":3,"minecraft:iron_boots":1,"minecraft:iron_chestplate":1,"minecraft:iron_leggings":1,"minecraft:stone_pickaxe":1,"minecraft:stone_shovel":3,"iceandfire:armor_silver_metal_leggings":1,"minecraft:golden_axe":1,"minecraft:iron_axe":2,"minecraft:iron_pickaxe":4,"minecraft:iron_helmet":1,"minecraft:golden_pickaxe":1},"minecraft:killed_by":{"iceandfire:cyclops":2,"minecraft:wither_skeleton":2,"iceandfire:ice_dragon":12,"minecraft:zombie":5,"alexsmobs:grizzly_bear":2,"born_in_chaos_v1:supreme_bonescaller_stage_2":1,"farlanders:looter":1,"minecraft:vex":1,"minecraft:player":1,"born_in_chaos_v1:bloody_gadfly":1,"minecraft:stray":1,"minecraft:spider":2,"creeperoverhaul:spruce_creeper":1}},"DataVersion":3465}