{"stats":{"minecraft:picked_up":{"farmersdelight:rice":4,"projectvibrantjourneys:fallen_leaves":3,"alexsmobs:shark_tooth":1,"minecraft:torch":1,"minecraft:dandelion":2,"farmersdelight:rice_panicle":1,"travelersbackpack:iron_tier_upgrade":1,"epicfight:skillbook":2,"minecraft:enchanted_book":1,"magistuarmory:barding":1,"minecraft:sand":3,"gamma_beasts:green_apple":3,"gamma_beasts:oak_leaf":11,"minecraft:dirt":1,"minecraft:spider_eye":1,"minecraft:string":5,"revampedpiles:desert_rug":1,"minecraft:bone":14,"minecraft:rotten_flesh":2,"minecraft:wheat_seeds":38,"wom:moonless":1,"minecraft:cherry_sign":1,"minecraft:warped_roots":2,"projectvibrantjourneys:orange_bark_mushroom":1,"minecraft:acacia_sapling":2,"minecraft:oxeye_daisy":1},"minecraft:used":{"smallships:acacia_galley":1,"minecraft:flint_and_steel":213,"minecraft:grass_block":146,"smallships:dark_oak_brigg":1,"minecraft:sandstone":88,"minecraft:cherry_sign":1,"minecraft:netherrack":10,"minecraft:torch":1,"minecraft:sand":6,"revampedpiles:desert_rug":1,"travelersbackpack:wolf":1,"minecraft:cherry_log":8},"minecraft:mined":{"revampedpiles:desert_rug":1,"minecraft:grass_block":1},"minecraft:custom":{"minecraft:time_since_rest":2495,"minecraft:sprint_one_cm":9290,"minecraft:damage_absorbed":6,"minecraft:damage_taken":10,"minecraft:walk_one_cm":495822,"minecraft:trigger_trapped_chest":2,"minecraft:drop":1,"minecraft:talked_to_villager":1,"minecraft:fly_one_cm":1761828,"minecraft:open_chest":14,"minecraft:crouch_one_cm":2378,"minecraft:play_time":157771,"minecraft:sneak_time":3289,"minecraft:walk_under_water_one_cm":14461,"minecraft:boat_one_cm":27303,"minecraft:jump":350,"minecraft:leave_game":4,"minecraft:time_since_death":157771,"minecraft:walk_on_water_one_cm":14668,"minecraft:sleep_in_bed":1,"minecraft:total_world_time":187890,"minecraft:climb_one_cm":145,"minecraft:fall_one_cm":1777},"minecraft:dropped":{"minecraft:warped_roots":2}},"DataVersion":3465}