{"stats":{"minecraft:crafted":{"minecraft:cobblestone_stairs":48,"variantvanillablocks:spruce_chest":2,"minecraft:spruce_planks":16,"minecraft:iron_chestplate":1,"minecraft:torch":160},"minecraft:picked_up":{"minecraft:shelter_pottery_sherd":1,"minecraft:wheat":28,"minecraft:allium":2,"minecraft:azure_bluet":2,"minecraft:clay_ball":3,"minecraft:prismarine_shard":3,"farmersdelight:rice_panicle":102,"minecraft:orange_banner":1,"minecraft:enchanted_book":3,"magistuarmory:barding":1,"minecraft:string":5,"minecraft:beetroot":28,"bloodandmadness:blood_vial":3,"minecraft:gold_nugget":18,"farmersdelight:cabbage":28,"minecraft:beef":6,"wom:moonless":1,"minecraft:player_head":1,"minecraft:poppy":10,"minecraft:melon_slice":73,"the_pillager_legion_:legion_showel_tpl":1,"farmersdelight:cabbage_seeds":74,"minecraft:raw_iron":27,"minecraft:stick":1,"minecraft:sheaf_pottery_sherd":1,"ancient_elements:raw_steel":13,"iceandfire:dragonbone":33,"iceandfire:dragonscales_green":69,"projectvibrantjourneys:bark_mushroom":2,"minecraft:torch":4,"runecraft_metals_of_gielinor:raw_adamantite":24,"travelersbackpack:iron_tier_upgrade":1,"epicfight:skillbook":3,"minecraft:carrot":51,"soul_like_armors_reworked:rustysteel_helmet":1,"minecraft:prismarine_crystals":3,"epicpaladins:cryorium_gem":8,"minecraft:rotten_flesh":4,"minecraft:beetroot_seeds":78,"iceandfire:fire_dragon_heart":1,"projectvibrantjourneys:cattail":1,"minecraft:black_banner":3,"runecraft_metals_of_gielinor:raw_runite":4,"minecraft:skeleton_skull":1,"minecraft:rail":6,"minecraft:cobblestone":46,"minecraft:oxeye_daisy":1,"farmersdelight:rice":31,"minecraft:glow_ink_sac":2,"minecraft:andesite":1,"projectvibrantjourneys:fallen_leaves":3,"gamma_beasts:prehnite":6,"minecraft:potato":52,"alexsmobs:bison_fur":2,"ancient_elements:raw_lead":1,"runecraft_metals_of_gielinor:raw_tin":2,"gamma_beasts:green_apple":3,"gamma_beasts:oak_leaf":11,"minecraft:cobblestone_stairs":6,"minecraft:lapis_lazuli":250,"minecraft:dirt":257,"minecraft:white_banner":1,"born_in_chaos_v1:marigolds":8,"revampedpiles:desert_rug":1,"minecraft:bone":18,"minecraft:wheat_seeds":153,"minecraft:raw_gold":2,"minecraft:cherry_sign":1,"minecraft:moss_block":1,"epicsamurai:raw_silver":12,"iceandfire:fire_dragon_flesh":14,"minecraft:acacia_sapling":2,"epicsamurai:onyx":18,"projectvibrantjourneys:light_brown_bark_mushroom":1,"iceandfire:chared_stone":20,"minecraft:pumpkin":16,"epicfight:stone_greatsword":1,"minecraft:sweet_berries":32,"alexsmobs:shark_tooth":1,"minecraft:dandelion":5,"minecraft:poisonous_potato":2,"iceandfire:dragon_skull_fire":1,"minecraft:sand":3,"minecraft:red_banner":1,"minecraft:spider_eye":1,"minecraft:mossy_cobblestone":4,"iceandfire:dragonegg_red":1,"iceandfire:chared_cobblestone":20,"minecraft:pumpkin_seeds":3,"minecraft:snort_pottery_sherd":1,"minecraft:diamond":2,"minecraft:angler_pottery_sherd":1,"runecraft_metals_of_gielinor:raw_mithril":3,"minecraft:crossbow":1,"knightquest:small_essence":1,"minecraft:bone_meal":1,"minecraft:bread":1,"minecraft:warped_roots":2,"minecraft:emerald":60,"projectvibrantjourneys:orange_bark_mushroom":3,"minecraft:oak_sapling":2,"iceandfire:raw_silver":1},"minecraft:mined":{"minecraft:attached_pumpkin_stem":1,"minecraft:diamond_ore":1,"minecraft:mossy_cobblestone":5,"epicpaladins:cryorium_ore":4,"minecraft:cobblestone_stairs":6,"projectvibrantjourneys:rocks":1,"runecraft_metals_of_gielinor:runite_ore":4,"minecraft:allium":2,"minecraft:grass_block":82,"epicsamurai:silver_ore":7,"minecraft:decorated_pot":1,"minecraft:moss_block":1,"minecraft:spawner":2,"epicsamurai:onyx_ore":8,"minecraft:carrots":14,"minecraft:iron_ore":11,"gamma_beasts:prehnite_ore":3,"minecraft:andesite":1,"minecraft:pumpkin":16,"minecraft:azure_bluet":2,"minecraft:potatoes":14,"farmersdelight:rice_panicles":75,"minecraft:stone":48,"minecraft:player_head":1,"iceandfire:chared_cobblestone":20,"ancient_elements:steel_ore":6,"born_in_chaos_v1:marigolds":8,"minecraft:red_banner":1,"minecraft:dandelion":2,"projectvibrantjourneys:twigs":1,"minecraft:emerald_ore":22,"minecraft:poppy":10,"minecraft:melon":13,"farmersdelight:cabbages":28,"minecraft:tall_grass":5,"minecraft:lapis_ore":19,"runecraft_metals_of_gielinor:adamantite_ore":25,"runecraft_metals_of_gielinor:mithril_ore":3,"minecraft:wheat":28,"minecraft:black_wall_banner":3,"minecraft:birch_leaves":1,"minecraft:white_wall_banner":1,"minecraft:grass":31,"revampedpiles:desert_rug":1,"projectvibrantjourneys:short_grass":9,"minecraft:beetroots":28,"minecraft:dirt":181,"minecraft:stone_bricks":1,"minecraft:orange_wall_banner":1,"pots_and_mimics:treasure_pot":4,"iceandfire:chared_stone":21},"minecraft:dropped":{"minecraft:wheat_seeds":15,"minecraft:warped_roots":2,"projectvibrantjourneys:orange_bark_mushroom":2,"the_pillager_legion_:legion_showel_tpl":1,"minecraft:potion":1,"projectvibrantjourneys:bark_mushroom":2,"minecraft:bone":2,"soul_like_armors_reworked:rustysteel_helmet":1,"projectvibrantjourneys:light_brown_bark_mushroom":1},"minecraft:killed_by":{"iceandfire:fire_dragon":1},"minecraft:custom":{"minecraft:mob_kills":41,"minecraft:open_barrel":38,"minecraft:leave_game":9,"minecraft:time_since_death":54090,"minecraft:climb_one_cm":12524,"minecraft:sprint_one_cm":346063,"minecraft:walk_one_cm":1678103,"minecraft:drop":10,"minecraft:talked_to_villager":1,"minecraft:play_time":315125,"minecraft:deaths":1,"minecraft:sneak_time":6072,"minecraft:walk_under_water_one_cm":367195,"minecraft:boat_one_cm":27303,"minecraft:jump":1828,"minecraft:walk_on_water_one_cm":255853,"minecraft:total_world_time":345244,"minecraft:sleep_in_bed":10,"minecraft:time_since_rest":18,"minecraft:damage_taken":1391,"minecraft:damage_absorbed":4770,"minecraft:trigger_trapped_chest":2,"minecraft:damage_dealt":5811,"minecraft:swim_one_cm":377819,"minecraft:fly_one_cm":2087796,"minecraft:open_chest":102,"minecraft:crouch_one_cm":5865,"minecraft:fall_one_cm":29119},"minecraft:broken":{"minecraft:diamond_chestplate":1,"minecraft:iron_boots":1,"minecraft:diamond_boots":1},"minecraft:used":{"minecraft:flint_and_steel":213,"minecraft:poppy":10,"farmersdelight:cabbage_seeds":26,"smallships:dark_oak_brigg":1,"minecraft:netherrack":10,"minecraft:torch":80,"minecraft:dirt":250,"minecraft:spyglass":6,"simplyswords:soulrender":48,"minecraft:carrot":16,"revampedpiles:desert_rug":1,"minecraft:allium":2,"minecraft:azure_bluet":2,"the_pillager_legion_:legion_showel_tpl":201,"smallships:acacia_galley":1,"minecraft:grass_block":146,"mcdw:bow_winters_touch":141,"minecraft:golden_carrot":1,"iceandfire:chared_stone":10,"minecraft:beetroot_seeds":30,"minecraft:potato":17,"minecraft:cherry_log":8,"farmersdelight:hamburger":4,"minecraft:wheat_seeds":28,"minecraft:cobblestone_stairs":54,"minecraft:sandstone":88,"minecraft:sand":6,"born_in_chaos_v1:skullbreaker_hammer":16,"farmersdelight:rice":2,"travelersbackpack:wolf":5,"minecraft:pumpkin_seeds":1,"minecraft:diamond_pickaxe":222,"minecraft:bread":14,"minecraft:melon_slice":3,"minecraft:cherry_sign":1,"born_in_chaos_v1:marigolds":8,"iceandfire:chared_cobblestone":3,"variantvanillablocks:spruce_chest":2,"minecraft:pumpkin_pie":7,"minecraft:dandelion":2},"minecraft:killed":{"bloodandmadness:church_doctor":1,"born_in_chaos_v1:skeleton_demoman":1,"bloodandmadness:cloaked_beast_patient":1,"minecraft:vindicator":1,"alexsmobs:seagull":1,"born_in_chaos_v1:siamese_skeletonsright":1,"minecraft:skeleton":3,"iceandfire:fire_dragon":1,"bloodandmadness:beast_patient":4,"alexsmobs:bison":2,"born_in_chaos_v1:corpse_fish":1,"minecraft:husk":13,"minecraft:bat":1,"minecraft:pillager":4,"minecraft:zombie":5,"born_in_chaos_v1:siamese_skeletonsleft":1}},"DataVersion":3465}