{"stats":{"minecraft:crafted":{"mcda:emerald_gear_leggings":1,"minecraft:smooth_stone":4,"minecraft:oak_planks":20,"epicsamurai:silver_ingot":39,"minecraft:barrel":2,"globalxp:xp_block":2,"minecraft:birch_boat":3,"mcda:emerald_gear_chestplate":1,"minecraft:birch_slab":132,"minecraft:stone":7,"iceandfire:armor_copper_metal_boots":1,"minecraft:iron_bars":16,"minecraft:glass":213,"iceandfire:armor_silver_metal_chestplate":1,"minecraft:iron_boots":2,"iceandfire:armor_silver_metal_leggings":1,"minecraft:melon_seeds":10,"iceandfire:armor_copper_metal_chestplate":1,"minecraft:chest":2,"minecraft:stone_hoe":1,"minecraft:golden_boots":1,"minecraft:crafting_table":2,"minecraft:spruce_planks":264,"travelersbackpack:standard":1,"minecraft:iron_helmet":1,"minecraft:spruce_door":3,"minecraft:red_wool":13,"minecraft:copper_ingot":45,"iceandfire:armor_white_boots":1,"minecraft:birch_planks":488,"minecraft:pumpkin_seeds":16,"minecraft:spruce_trapdoor":2,"minecraft:golden_leggings":1,"minecraft:iron_chestplate":4,"minecraft:yellow_dye":1,"iceandfire:armor_white_helmet":1,"mcda:emerald_gear_helmet":1,"minecraft:birch_fence":36,"minecraft:stick":24,"minecraft:iron_pickaxe":4,"minecraft:iron_ingot":13,"iceandfire:armor_white_chestplate":1,"minecraft:gold_ingot":36,"minecraft:composter":3,"iceandfire:armor_bronze_helmet":1,"minecraft:birch_stairs":52,"minecraft:shears":1,"minecraft:stone_shovel":4,"minecraft:smooth_stone_slab":6,"cfm:red_sofa":4,"minecraft:golden_chestplate":1,"cfm:blue_sofa":2,"minecraft:furnace":1,"iceandfire:armor_copper_metal_leggings":1,"minecraft:spruce_fence":27,"minecraft:white_carpet":6,"iceandfire:armor_copper_metal_helmet":1,"minecraft:glass_pane":160,"variantvanillablocks:spruce_chest":3,"travelersbackpack:white_sleeping_bag":1,"minecraft:iron_axe":1,"minecraft:ladder":6,"minecraft:spruce_slab":354,"minecraft:stone_pickaxe":1,"iceandfire:armor_bronze_chestplate":1,"iceandfire:armor_silver_metal_boots":1,"revampedpiles:cobblestone_roof":12,"minecraft:golden_helmet":1,"mcda:emerald_gear_boots":1,"minecraft:red_dye":23,"iceandfire:armor_bronze_boots":1,"travelersbackpack:backpack_tank":2,"minecraft:stone_axe":1,"minecraft:blue_dye":5,"variantvanillablocks:birch_chest":20,"iceandfire:armor_white_leggings":1,"minecraft:wooden_axe":1,"minecraft:blue_wool":5,"minecraft:iron_shovel":1,"minecraft:iron_leggings":2,"minecraft:armor_stand":2,"iceandfire:armor_bronze_leggings":1,"minecraft:torch":24},"minecraft:picked_up":{"gamma_beasts:thin_oak_log":10,"minecraft:iron_chestplate":1,"minecraft:wheat":10,"minecraft:flower_pot":4,"minecraft:diamond_sword":1,"minecraft:brewing_stand":1,"soul_like_armors_reworked:rustysteel_chestplate":1,"minecraft:string":10,"minecraft:raw_copper":60,"minecraft:iron_leggings":2,"minecraft:armor_stand":7,"minecraft:oak_sign":1,"minecraft:beetroot":30,"minecraft:cobbled_deepslate":342,"minecraft:spruce_planks":2,"minecraft:rose_bush":4,"minecraft:cobblestone_slab":2,"soul_like_armors_reworked:dagger":1,"minecraft:smooth_quartz":4,"minecraft:iron_pickaxe":3,"minecraft:melon_slice":10,"minecraft:tipped_arrow":8,"minecraft:stick":108,"minecraft:composter":1,"born_in_chaos_v1:phantom_powder":1,"minecraft:torch":39,"iceandfire:dragonscales_white":52,"oresabovediamonds:amethyst_sword":1,"epicfight:skillbook":9,"minecraft:golden_axe":1,"iceandfire:rotten_egg":1,"minecraft:cauldron":3,"minecraft:rotten_flesh":17,"minecraft:iron_block":2,"iceandfire:fire_dragon_heart":1,"minecraft:red_tulip":11,"gamma_beasts:coal_nugget":30,"projectvibrantjourneys:cattail":10,"bloodandmadness:blood_stone_shard":3,"minecraft:cobblestone":487,"minecraft:birch_log":122,"minecraft:cooked_beef":2,"minecraft:iron_door":1,"minecraft:birch_slab":15,"minecraft:water_bucket":1,"projectvibrantjourneys:fallen_leaves":7,"gamma_beasts:prehnite":14,"minecraft:potato":5,"gamma_beasts:oak_leaf":3,"projectvibrantjourneys:rocks":1,"minecraft:lapis_lazuli":24,"minecraft:dirt":1527,"iceandfire:dragonscales_bronze":24,"minecraft:lantern":18,"minecraft:glass":2,"minecraft:bone":67,"minecraft:bow":3,"minecraft:stonecutter":1,"minecraft:wheat_seeds":118,"minecraft:raw_gold":20,"minecraft:grindstone":2,"soul_like_armors_reworked:dark_knight_helmet":1,"soul_like_armors_reworked:rustysteel_boots":1,"wom:diamond_legbottomseal":1,"epicsamurai:raw_silver":1,"iceandfire:dragon_skull_fire":5,"minecraft:sand":277,"minecraft:cyan_bed":4,"iceandfire:podium_dark_oak":2,"minecraft:barrel":10,"alexsmobs:animal_dictionary":3,"minecraft:sugar":2,"minecraft:soul_lantern":2,"minecraft:crossbow":1,"minecraft:bone_meal":1,"minecraft:grass":6,"minecraft:emerald":6,"minecraft:bread":7,"alexsmobs:maggot":8,"epicsamurai:ruby":2,"minecraft:dark_oak_fence":2,"iceandfire:silver_nugget":288,"iceandfire:raw_silver":7,"minecraft:crafting_table":1,"minecraft:allium":1,"minecraft:azure_bluet":2,"iceandfire:witherbone":8,"minecraft:ladder":2,"born_in_chaos_v1:seedof_chaos":1,"minecraft:golden_pickaxe":1,"cfm:red_sofa":7,"minecraft:gold_block":4,"soul_like_armors_reworked:darkknightsword":2,"gravestone:obituary":9,"epicfight:stray_pants":1,"minecraft:cornflower":6,"iceandfire:frozen_splinters":34,"minecraft:iron_axe":2,"born_in_chaos_v1:intoxicating_decoction":4,"minecraft:item_frame":3,"minecraft:white_carpet":11,"minecraft:iron_shovel":2,"bloodandmadness:blood_vial":11,"iceandfire:bestiary":1,"minecraft:beef":33,"minecraft:poppy":10,"minecraft:spruce_slab":50,"minecraft:sugar_cane":38,"minecraft:birch_sapling":38,"iceandfire:ice_dragon_heart":1,"minecraft:egg":2,"minecraft:raw_iron":59,"iceandfire:dragonbone":30,"projectvibrantjourneys:bark_mushroom":5,"minecraft:spruce_fence":1,"minecraft:carrot":104,"soul_like_armors_reworked:rustysteel_helmet":1,"minecraft:light_blue_bed":6,"bloodandmadness:beastblood_clump":2,"iceandfire:dragon_skull_ice":3,"soul_like_armors_reworked:estusflask":23,"minecraft:polished_granite_stairs":2,"minecraft:arrow":14,"minecraft:beetroot_seeds":78,"minecraft:hay_block":33,"bloodandmadness:sanguisteel_nugget":2,"minecraft:gold_ingot":8,"minecraft:mutton":7,"minecraft:skeleton_skull":2,"minecraft:white_wool":14,"born_in_chaos_v1:corpse_maggot":16,"minecraft:birch_leaves":45,"minecraft:air":0,"projectvibrantjourneys:icicle":1,"minecraft:leather":18,"minecraft:yellow_dye":1,"minecraft:birch_planks":59,"simplyswords:iron_claymore":6,"gamma_beasts:green_apple":29,"minecraft:lily_pad":5,"minecraft:white_banner":1,"minecraft:red_carpet":2,"soul_like_armors_reworked:rustyshield":4,"minecraft:apple":1,"minecraft:stone_bricks":2,"minecraft:iron_ingot":7,"minecraft:glass_bottle":1,"epicsamurai:aquamarine":6,"iceandfire:fire_dragon_flesh":3,"projectvibrantjourneys:light_brown_bark_mushroom":17,"minecraft:scaffolding":1,"minecraft:pumpkin":12,"epicfight:stone_greatsword":1,"minecraft:stone_brick_slab":2,"minecraft:dandelion":4,"minecraft:birch_stairs":17,"minecraft:spruce_sapling":170,"minecraft:blast_furnace":2,"minecraft:spruce_log":331,"minecraft:spruce_door":2,"minecraft:spider_eye":2,"travelersbackpack:wolf":6,"travelersbackpack:standard":6,"soul_like_armors_reworked:dark_knight_chestplate":1,"minecraft:stone_axe":1,"minecraft:iron_helmet":2,"iceandfire:ice_dragon_flesh":5,"minecraft:baked_potato":58,"projectvibrantjourneys:orange_bark_mushroom":7,"minecraft:coal":70,"variantvanillablocks:birch_chest":4,"minecraft:ender_pearl":1},"minecraft:killed_by":{"minecraft:wither_skeleton":2,"iceandfire:ice_dragon":12,"minecraft:zombie":3,"born_in_chaos_v1:supreme_bonescaller_stage_2":1,"farlanders:looter":1,"minecraft:vex":1,"minecraft:player":1,"born_in_chaos_v1:bloody_gadfly":1,"minecraft:stray":1,"minecraft:spider":1,"creeperoverhaul:spruce_creeper":1},"minecraft:dropped":{"minecraft:baked_potato":1,"wom:diamond_legbottomseal":1,"minecraft:glass_bottle":3,"bloodandmadness:beastblood_clump":1,"travelersbackpack:standard":2,"projectvibrantjourneys:orange_bark_mushroom":3,"minecraft:red_carpet":1,"minecraft:item_frame":3,"minecraft:dirt":151,"minecraft:grass":6,"minecraft:cornflower":1,"minecraft:yellow_dye":2,"projectvibrantjourneys:fallen_leaves":3,"cfm:blue_sofa":2,"gravestone:obituary":22,"minecraft:bone_meal":1,"minecraft:sand":86,"minecraft:iron_pickaxe":2,"minecraft:birch_stairs":6,"projectvibrantjourneys:bark_mushroom":3,"minecraft:stone_axe":2,"oresabovediamonds:amethyst_sword":2,"alexsmobs:animal_dictionary":4,"soul_like_armors_reworked:rustysteel_helmet":1,"minecraft:azure_bluet":1,"minecraft:poppy":4,"soul_like_armors_reworked:rustyshield":2,"minecraft:skeleton_skull":1,"minecraft:beetroot_seeds":1,"born_in_chaos_v1:corpse_maggot":8,"soul_like_armors_reworked:dagger":1,"minecraft:spruce_slab":1,"minecraft:arrow":60,"projectvibrantjourneys:cattail":9,"minecraft:glass":11,"minecraft:scaffolding":1,"minecraft:wheat_seeds":25,"gamma_beasts:oak_leaf":3,"gamma_beasts:coal_nugget":10,"minecraft:iron_helmet":1,"minecraft:cobblestone":58,"minecraft:chicken_spawn_egg":1,"minecraft:iron_block":1,"minecraft:smooth_quartz":2,"minecraft:iron_door":1,"minecraft:iron_leggings":1,"minecraft:iron_axe":1,"minecraft:iron_shovel":1,"minecraft:string":2,"minecraft:spruce_sapling":39,"minecraft:dandelion":1,"alexsmobs:maggot":4,"minecraft:composter":1,"iceandfire:witherbone":1,"minecraft:name_tag":2,"gamma_beasts:green_apple":4,"minecraft:polished_granite_stairs":2,"minecraft:cobblestone_slab":1,"soul_like_armors_reworked:darkknightsword":1,"iceandfire:frozen_splinters":34,"minecraft:iron_chestplate":2,"minecraft:spruce_log":64,"minecraft:bow":3,"bloodandmadness:blood_stone_shard":3,"simplyswords:iron_claymore":3,"epicfight:skillbook":6},"minecraft:broken":{"minecraft:iron_shovel":3,"minecraft:iron_boots":1,"minecraft:iron_chestplate":1,"minecraft:iron_leggings":1,"minecraft:stone_pickaxe":1,"minecraft:stone_shovel":3,"minecraft:golden_axe":1,"minecraft:iron_axe":2,"minecraft:iron_pickaxe":4,"minecraft:iron_helmet":1,"minecraft:golden_pickaxe":1},"minecraft:mined":{"minecraft:spruce_planks":2,"iceandfire:podium_dark_oak":2,"minecraft:brewing_stand":1,"minecraft:grass_block":965,"epicsamurai:silver_ore":1,"minecraft:composter":1,"minecraft:spawner":5,"minecraft:iron_ore":55,"minecraft:barrel":10,"minecraft:fire":2,"minecraft:pumpkin":12,"minecraft:azure_bluet":1,"minecraft:red_tulip":12,"minecraft:dirt_path":43,"minecraft:iron_bars":1,"minecraft:iron_block":1,"minecraft:spruce_slab":48,"projectvibrantjourneys:cattail":15,"minecraft:soul_lantern":2,"minecraft:torch":1,"iceandfire:dragon_ice_spikes":123,"projectvibrantjourneys:twigs":9,"minecraft:blast_furnace":2,"minecraft:melon":1,"minecraft:poppy":3,"minecraft:cobblestone":7,"minecraft:cyan_bed":4,"minecraft:grindstone":2,"projectvibrantjourneys:fallen_leaves":5,"minecraft:sugar_cane":14,"minecraft:iron_door":1,"minecraft:wall_torch":5,"minecraft:cauldron":3,"minecraft:birch_sapling":1,"minecraft:seagrass":4,"minecraft:chain":2,"minecraft:birch_log":124,"epicsamurai:aquamarine_ore":5,"minecraft:wheat":8,"minecraft:potted_poppy":2,"minecraft:grass":163,"minecraft:beetroots":31,"projectvibrantjourneys:short_grass":30,"minecraft:dirt":471,"variantvanillablocks:birch_chest":4,"minecraft:smooth_quartz":2,"minecraft:sand":278,"minecraft:stonecutter":1,"minecraft:deepslate":171,"minecraft:oak_leaves":2,"uniquedungeons:empty_urn":1,"minecraft:red_carpet":1,"iceandfire:silver_ore":7,"travelersbackpack:light_blue_sleeping_bag":1,"projectvibrantjourneys:rocks":4,"gravestone:gravestone":23,"minecraft:dark_oak_fence":2,"minecraft:weeping_vines":1,"iceandfire:frozen_splinters":34,"minecraft:spruce_leaves":99,"minecraft:birch_slab":10,"minecraft:large_fern":1,"minecraft:hay_block":33,"minecraft:potted_dark_oak_sapling":1,"minecraft:carrots":28,"gamma_beasts:prehnite_ore":14,"cfm:red_sofa":7,"minecraft:gold_block":4,"minecraft:potatoes":1,"minecraft:deepslate_iron_ore":2,"minecraft:cobblestone_slab":1,"minecraft:lantern":12,"minecraft:stone":429,"minecraft:white_wool":3,"minecraft:potted_allium":1,"minecraft:birch_stairs":11,"minecraft:scaffolding":1,"minecraft:glass_pane":16,"minecraft:stone_brick_slab":2,"minecraft:dandelion":1,"minecraft:spruce_door":2,"travelersbackpack:standard":1,"epicsamurai:deepslate_aquamarine_ore":1,"minecraft:crafting_table":1,"minecraft:cornflower":5,"minecraft:rose_bush":1,"minecraft:copper_ore":11,"minecraft:tall_grass":43,"minecraft:lapis_ore":4,"minecraft:deepslate_gold_ore":9,"minecraft:lily_pad":2,"minecraft:birch_planks":60,"minecraft:light_blue_bed":6,"minecraft:ice":114,"minecraft:white_carpet":6,"minecraft:spruce_log":333,"minecraft:birch_leaves":62,"gamma_beasts:thin_oak_log":12,"iceandfire:silver_pile":56,"minecraft:coal_ore":56,"minecraft:flower_pot":1,"minecraft:cyan_carpet":1,"minecraft:cobweb":3,"minecraft:stone_bricks":7,"minecraft:mossy_stone_bricks":2,"minecraft:gold_ore":10,"pots_and_mimics:treasure_pot":1,"epicsamurai:ruby_ore":2},"minecraft:custom":{"minecraft:animals_bred":4,"minecraft:interact_with_crafting_table":37,"minecraft:open_barrel":54,"minecraft:leave_game":22,"minecraft:time_since_death":55861,"minecraft:sprint_one_cm":2670133,"minecraft:drop":158,"minecraft:talked_to_villager":1,"minecraft:play_time":859370,"minecraft:deaths":27,"minecraft:jump":6019,"minecraft:interact_with_brewingstand":1,"minecraft:walk_on_water_one_cm":71115,"minecraft:interact_with_furnace":36,"minecraft:sleep_in_bed":43,"minecraft:damage_dealt":41213,"minecraft:player_kills":1,"minecraft:crouch_one_cm":78672,"minecraft:interact_with_smoker":1,"minecraft:horse_one_cm":34632,"minecraft:interact_with_anvil":7,"minecraft:mob_kills":189,"minecraft:damage_dealt_resisted":3057,"minecraft:climb_one_cm":57506,"minecraft:walk_one_cm":8965940,"minecraft:damage_dealt_absorbed":288,"minecraft:sneak_time":21360,"minecraft:walk_under_water_one_cm":14920,"minecraft:boat_one_cm":23743,"minecraft:interact_with_blast_furnace":5,"minecraft:total_world_time":859537,"minecraft:pot_flower":1,"minecraft:interact_with_stonecutter":1,"minecraft:time_since_rest":55902,"minecraft:damage_absorbed":40,"minecraft:damage_taken":16093,"minecraft:swim_one_cm":111943,"minecraft:fly_one_cm":1866526,"minecraft:open_chest":363,"minecraft:fall_one_cm":106463},"minecraft:used":{"mcda:emerald_gear_helmet":1,"minecraft:beetroot":1,"travelersbackpack:horse":1,"revampedpiles:cobblestone_roof":10,"minecraft:iron_shovel":868,"cozy_home:dark_oak_sink_counter":1,"iceandfire:dragon_skull_ice":3,"minecraft:spruce_slab":371,"minecraft:ladder":8,"minecraft:chest":2,"oresabovediamonds:netherite_opal_sword":32,"soul_like_armors_reworked:darkknightsword":263,"minecraft:rotten_flesh":17,"minecraft:carrot":62,"minecraft:azure_bluet":1,"born_in_chaos_v1:corpse_maggot":8,"minecraft:glass":60,"minecraft:lava_bucket":1,"minecraft:birch_sapling":40,"minecraft:lantern":12,"mcdw:bow_winters_touch":13,"minecraft:iron_helmet":1,"minecraft:light_blue_bed":6,"cozy_home:dark_oak_storage_counter":1,"minecraft:stone_bricks":6,"minecraft:red_carpet":1,"minecraft:hay_block":33,"minecraft:beetroot_seeds":52,"minecraft:furnace":3,"minecraft:egg":3,"minecraft:potato":29,"iceandfire:armor_white_leggings":2,"iceandfire:armor_bronze_boots":1,"projectvibrantjourneys:rocks":1,"epicfight:skillbook":9,"minecraft:spruce_door":7,"the_pillager_legion_:republican_gmaduis_tpl":36,"minecraft:birch_leaves":45,"minecraft:stone_pickaxe":131,"minecraft:composter":3,"minecraft:sugar_cane":38,"variantvanillablocks:birch_chest":24,"minecraft:white_wool":3,"minecraft:golden_apple":1,"minecraft:sand":24,"minecraft:blast_furnace":2,"minecraft:shears":45,"minecraft:pumpkin_seeds":16,"minecraft:birch_fence":34,"minecraft:birch_slab":144,"minecraft:bread":80,"minecraft:cyan_bed":4,"minecraft:soul_lantern":5,"minecraft:diamond_sword":151,"variantvanillablocks:spruce_chest":2,"iceandfire:dragon_skull_fire":5,"globalxp:xp_block":2,"minecraft:grindstone":2,"minecraft:dark_oak_fence":2,"minecraft:golden_pickaxe":34,"minecraft:experience_bottle":4,"simplyswords:iron_claymore":194,"minecraft:armor_stand":9,"cozy_home:dark_oak_counter":1,"minecraft:stone_shovel":422,"minecraft:spruce_planks":2,"gamma_beasts:green_apple":25,"oresabovediamonds:amethyst_sword":70,"soul_like_armors_reworked:estusflask":23,"minecraft:stone_hoe":119,"iceandfire:armor_copper_metal_boots":1,"minecraft:torch":75,"minecraft:brewing_stand":1,"mcda:emerald_gear_boots":2,"minecraft:dirt":714,"minecraft:anvil":1,"minecraft:white_carpet":19,"minecraft:spruce_fence":28,"minecraft:wooden_axe":27,"alexsmobs:maggot":4,"soul_like_armors_reworked:dagger":25,"iceandfire:podium_dark_oak":2,"minecraft:iron_axe":522,"minecraft:iron_boots":1,"minecraft:barrel":9,"minecraft:melon_seeds":10,"projectvibrantjourneys:cattail":1,"cfm:red_sofa":11,"hamsters:hamster":4,"minecraft:cooked_beef":2,"minecraft:golden_axe":27,"minecraft:iron_leggings":2,"minecraft:wheat_seeds":53,"minecraft:water_bucket":73,"minecraft:birch_planks":197,"minecraft:baked_potato":71,"wom:diamond_legbottomseal":3,"minecraft:birch_boat":3,"minecraft:cauldron":2,"minecraft:stonecutter":1,"minecraft:crafting_table":3,"travelersbackpack:wolf":11,"minecraft:spruce_log":190,"minecraft:smoker":1,"minecraft:flower_pot":1,"minecraft:apple":11,"minecraft:iron_pickaxe":983,"alexscaves:extinction_spear":70,"minecraft:spruce_trapdoor":1,"minecraft:spruce_sapling":69,"minecraft:stone_axe":121,"travelersbackpack:standard":10,"minecraft:cobblestone":40,"minecraft:potion":2,"minecraft:white_banner":1,"minecraft:bucket":72,"minecraft:glass_pane":160,"minecraft:dandelion":1,"minecraft:birch_stairs":48},"minecraft:killed":{"born_in_chaos_v1:zombie_clown":2,"minecraft:cave_spider":3,"minecraft:witch":2,"pots_and_mimics:pot_crab":1,"minecraft:spider":6,"born_in_chaos_v1:baby_skeleton_minion":4,"minecraft:skeleton":14,"bloodandmadness:beast_patient":5,"born_in_chaos_v1:supreme_bonescaller_stage_2":1,"farlanders:rebel":3,"minecraft:creeper":3,"minecraft:sheep":5,"minecraft:pillager":5,"minecraft:zombie":35,"born_in_chaos_v1:dread_hound":1,"born_in_chaos_v1:corpse_fly":3,"minecraft:stray":6,"alexsmobs:fly":4,"minecraft:cow":17,"bloodandmadness:church_doctor":4,"bloodandmadness:cloaked_beast_patient":2,"born_in_chaos_v1:zombie_bruiser":1,"born_in_chaos_v1:maggot":17,"minecraft:horse":8,"iceandfire:fire_dragon":1,"bloodandmadness:huntsman_axe":3,"farlanders:looter":1,"born_in_chaos_v1:bone_imp_minion":10,"born_in_chaos_v1:baby_skeleton":1,"born_in_chaos_v1:decrepit_skeleton":4,"iceandfire:ice_dragon":1,"minecraft:wither_skeleton":8,"minecraft:player":1,"minecraft:villager":1,"minecraft:enderman":1}},"DataVersion":3465}