{"stats":{"minecraft:picked_up":{"minecraft:allium":2,"minecraft:azure_bluet":2,"farmersdelight:rice":4,"minecraft:clay_ball":3,"minecraft:prismarine_shard":3,"minecraft:andesite":1,"projectvibrantjourneys:fallen_leaves":3,"farmersdelight:rice_panicle":1,"alexsmobs:bison_fur":2,"minecraft:enchanted_book":1,"minecraft:orange_banner":1,"magistuarmory:barding":1,"gamma_beasts:green_apple":3,"gamma_beasts:oak_leaf":11,"minecraft:cobblestone_stairs":6,"minecraft:lapis_lazuli":191,"minecraft:dirt":250,"minecraft:string":5,"minecraft:white_banner":1,"born_in_chaos_v1:marigolds":8,"revampedpiles:desert_rug":1,"minecraft:bone":16,"minecraft:wheat_seeds":52,"minecraft:beef":6,"wom:moonless":1,"minecraft:cherry_sign":1,"minecraft:player_head":1,"minecraft:poppy":10,"minecraft:moss_block":1,"the_pillager_legion_:legion_showel_tpl":1,"minecraft:acacia_sapling":2,"minecraft:stick":1,"minecraft:raw_iron":27,"ancient_elements:raw_steel":5,"alexsmobs:shark_tooth":1,"minecraft:torch":1,"runecraft_metals_of_gielinor:raw_adamantite":15,"minecraft:dandelion":4,"travelersbackpack:iron_tier_upgrade":1,"epicfight:skillbook":3,"minecraft:sand":3,"minecraft:red_banner":1,"minecraft:prismarine_crystals":3,"minecraft:spider_eye":1,"minecraft:mossy_cobblestone":4,"minecraft:rotten_flesh":4,"runecraft_metals_of_gielinor:raw_mithril":3,"minecraft:crossbow":1,"knightquest:small_essence":1,"minecraft:bread":1,"minecraft:warped_roots":2,"minecraft:black_banner":3,"projectvibrantjourneys:orange_bark_mushroom":1,"minecraft:cobblestone":37,"minecraft:oxeye_daisy":1},"minecraft:used":{"minecraft:cobblestone_stairs":54,"minecraft:flint_and_steel":213,"minecraft:poppy":10,"smallships:dark_oak_brigg":1,"minecraft:sandstone":88,"minecraft:netherrack":10,"minecraft:torch":12,"minecraft:dirt":236,"minecraft:sand":6,"minecraft:spyglass":2,"simplyswords:soulrender":23,"revampedpiles:desert_rug":1,"minecraft:allium":2,"born_in_chaos_v1:skullbreaker_hammer":5,"travelersbackpack:wolf":2,"minecraft:azure_bluet":2,"the_pillager_legion_:legion_showel_tpl":201,"minecraft:diamond_pickaxe":96,"smallships:acacia_galley":1,"minecraft:grass_block":146,"minecraft:bread":6,"mcdw:bow_winters_touch":46,"minecraft:cherry_sign":1,"born_in_chaos_v1:marigolds":8,"minecraft:golden_carrot":1,"variantvanillablocks:spruce_chest":2,"minecraft:dandelion":2,"minecraft:cherry_log":8,"farmersdelight:hamburger":2},"minecraft:mined":{"ancient_elements:steel_ore":2,"born_in_chaos_v1:marigolds":8,"minecraft:mossy_cobblestone":5,"minecraft:cobblestone_stairs":6,"minecraft:red_banner":1,"minecraft:dandelion":2,"projectvibrantjourneys:twigs":1,"minecraft:allium":2,"minecraft:grass_block":78,"minecraft:poppy":10,"minecraft:tall_grass":5,"minecraft:lapis_ore":12,"minecraft:moss_block":1,"minecraft:spawner":2,"runecraft_metals_of_gielinor:adamantite_ore":16,"runecraft_metals_of_gielinor:mithril_ore":3,"minecraft:iron_ore":10,"minecraft:black_wall_banner":3,"minecraft:andesite":1,"minecraft:white_wall_banner":1,"minecraft:azure_bluet":2,"minecraft:grass":29,"revampedpiles:desert_rug":1,"projectvibrantjourneys:short_grass":8,"minecraft:dirt":178,"minecraft:stone":38,"minecraft:orange_wall_banner":1,"minecraft:player_head":1},"minecraft:broken":{"minecraft:diamond_boots":1},"minecraft:custom":{"minecraft:mob_kills":20,"minecraft:open_barrel":23,"minecraft:leave_game":6,"minecraft:time_since_death":234080,"minecraft:sleep_in_bed":6,"minecraft:climb_one_cm":10512,"minecraft:time_since_rest":5673,"minecraft:damage_absorbed":567,"minecraft:sprint_one_cm":257977,"minecraft:damage_taken":165,"minecraft:walk_one_cm":1162190,"minecraft:trigger_trapped_chest":2,"minecraft:drop":3,"minecraft:damage_dealt":2330,"minecraft:fly_one_cm":2025194,"minecraft:talked_to_villager":1,"minecraft:swim_one_cm":302944,"minecraft:open_chest":47,"minecraft:crouch_one_cm":4626,"minecraft:play_time":234080,"minecraft:sneak_time":4415,"minecraft:walk_under_water_one_cm":128571,"minecraft:boat_one_cm":27303,"minecraft:jump":1231,"minecraft:walk_on_water_one_cm":45232,"minecraft:total_world_time":264199,"minecraft:fall_one_cm":15510},"minecraft:dropped":{"minecraft:warped_roots":2,"the_pillager_legion_:legion_showel_tpl":1,"minecraft:potion":1},"minecraft:killed":{"minecraft:husk":13,"minecraft:vindicator":1,"alexsmobs:seagull":1,"minecraft:pillager":4,"alexsmobs:bison":1},"minecraft:crafted":{"minecraft:spruce_planks":16,"minecraft:cobblestone_stairs":48,"variantvanillablocks:spruce_chest":2,"minecraft:torch":160}},"DataVersion":3465}